t,f
5.511,-14.5
5.527,-17.6
5.558,-24.2
5.558,-27.6
5.574,-33.9
5.605,-40.2
5.605,-40.2
5.621,-46.2
5.652,-51.9
5.652,-54.7
5.667,-60.1
5.683,-62.9
5.699,-65.4
5.714,-70.2
5.746,-74.9
5.746,-76.9
5.761,-81.2
5.777,-83.0
5.792,-86.6
5.808,-88.1
5.839,-91.1
5.839,-92.5
5.855,-94.8
5.855,-94.8
5.871,-95.8
5.902,-98.2
5.933,-99.3
5.933,-99.6
5.949,-99.8
5.964,-100.0
5.996,-99.7
5.996,-99.4
6.011,-99.0
6.027,-97.8
6.042,-97.0
6.058,-95.2
6.089,-93.0
6.089,-93.0
6.121,-88.9
6.121,-87.2
6.152,-83.8
6.152,-81.9
6.167,-79.9
6.185,-77.7
6.197,-75.7
6.206,-73.6
6.226,-68.6
6.239,-66.3
6.259,-61.4
6.279,-55.8
6.279,-53.1
6.31,-47.3
6.31,-47.3
6.326,-41.4
6.341,-35.1
6.373,-28.8
6.373,-28.8
6.404,-18.8
6.404,-18.8
6.419,-12.7
6.435,-9.4
6.466,0.7
6.466,0.7
6.498,11.0
6.498,11.0
6.513,17.3
6.529,24.1
6.56,30.1
6.56,30.1
6.576,36.7
6.591,42.6
6.607,45.7
6.622,51.7
6.654,57.2
6.654,57.2
6.685,65.0
6.685,65.0
6.685,65.0
6.701,67.6
6.701,69.9
6.716,72.4
6.781,81.0
6.786,82.8
6.787,84.6
6.795,86.4
6.831,92.3
6.831,92.3
6.847,94.7
6.863,95.7
6.894,98.1
6.894,98.1
6.91,99.2
6.941,99.8
6.941,100.0
6.956,99.9
6.972,99.7
6.988,99.4
7.003,99.0
7.019,97.9
7.043,96.3
7.043,96.3
7.059,94.3
7.074,91.7
7.09,90.4
7.105,89.1
7.105,87.4
7.143,84.0
7.143,82.3
7.159,80.3
7.159,77.9
7.182,75.9
7.193,73.9
7.204,71.8
7.233,66.7
7.235,64.4
7.263,58.8
7.266,56.0
7.274,53.4
7.287,50.7
7.299,47.5
7.311,44.6
7.329,35.5
7.36,29.1
7.36,26.1
7.391,19.5
7.391,16.2
7.407,13.2
7.407,9.5
7.445,2.7
7.445,-0.4
7.46,-6.8
7.476,-10.3
7.492,-13.6
7.507,-16.6
7.507,-20.3
7.523,-26.9
7.56,-33.0
7.56,-36.3
7.576,-42.2
7.592,-45.5
7.607,-48.2
7.623,-51.4
7.645,-56.8
7.645,-59.3
7.676,-64.7
7.676,-67.4
7.692,-71.9
7.692,-71.9
7.708,-74.4
7.723,-78.5
7.745,-82.6
7.761,-84.6
7.776,-87.7
7.792,-89.3
7.808,-90.9
7.823,-92.1
7.845,-94.6
7.845,-95.6
7.861,-97.3
7.877,-98.0
7.892,-99.1
7.908,-99.5
7.924,-99.8
7.924,-100.0
7.946,-99.9
7.977,-99.4
7.977,-99.4
7.993,-98.6
8.008,-98.0
8.008,-97.2
8.04,-95.4
8.046,-94.4
8.061,-91.9
8.093,-89.3
8.093,-89.3
8.093,-87.6
8.108,-85.9
8.146,-80.5
8.146,-78.2
8.162,-76.2
8.18,-74.2
8.187,-72.1
8.2,-69.3
8.208,-67.1
8.221,-64.4
8.233,-62.0
8.248,-58.9
8.254,-56.4
8.262,-53.8
8.273,-51.2
8.282,-47.8
8.294,-45.0
8.302,-42.2
8.314,-39.0
8.327,-35.8
8.356,-26.6
8.363,-19.8
8.379,-16.7
8.394,-10.0
8.394,-10.0
8.41,-6.3
8.425,-3.2
8.441,-0.1
8.447,3.2
8.462,10.0
8.493,16.7
8.493,19.8
8.509,23.4
8.509,26.4
8.546,32.9
8.546,35.8
8.562,42.2
8.578,45.0
8.609,51.0
8.609,51.0
8.609,53.8
8.624,59.3
8.624,59.3
8.647,61.9
8.647,64.3
8.678,71.6
8.709,76.3
8.693,74.1
8.709,76.3
8.709,78.2
8.725,80.4
8.747,82.3
8.778,87.5
8.778,89.2
8.778,89.2
8.794,90.7
8.794,91.9
8.825,95.6
8.847,97.2
8.878,98.6
8.878,98.6
8.894,99.4
8.91,99.8
8.91,99.9
8.947,100.0
8.925,100.0
8.947,100.0
8.947,99.8
8.963,99.1
8.994,98.7
9.01,98.1
9.025,96.4
9.025,95.6
9.025,95.6
9.025,94.6
9.048,93.3
9.063,90.9
9.079,87.8
9.11,84.4
9.11,84.4
9.11,82.7
9.126,80.8
9.141,78.5
9.148,76.6
9.148,74.5
9.164,72.0
9.212,64.8
9.195,67.4
9.212,64.8
9.216,62.2
9.228,59.8
9.287,51.6
9.292,48.4
9.293,45.5
9.312,39.5
9.314,36.4
9.346,27.0
9.351,23.5
9.351,23.5
9.364,20.4
9.376,17.2
9.4,10.5
9.405,7.4
9.413,3.7
9.413,0.6
9.428,-3.1
9.444,-6.2
9.464,-16.2
9.48,-19.3
9.496,-25.9
9.511,-29.1
9.527,-32.4
9.543,-35.4
9.543,-35.4
9.549,-38.4
9.549,-41.8
9.58,-50.1
9.596,-53.4
9.612,-56.3
9.612,-58.9
9.649,-64.4
9.665,-69.0
9.665,-69.0
9.696,-75.9
9.681,-73.9
9.696,-75.9
9.696,-78.2
9.727,-82.3
9.727,-84.1
9.75,-85.7
9.781,-90.5
9.781,-91.7
9.812,-94.4
9.796,-93.1
9.812,-94.4
9.812,-95.4
9.828,-96.3
9.843,-97.1
9.865,-99.0
9.865,-99.0
9.881,-99.4
9.897,-99.7
9.912,-100.0
9.928,-100.0
9.928,-100.0
9.928,-99.8
9.95,-99.5
9.95,-99.2
9.966,-98.8
9.981,-98.2
9.981,-97.4
9.997,-96.6
10.013,-95.7
10.013,-94.8
10.028,-93.5
10.044,-92.3
10.066,-89.6
10.066,-88.0
10.082,-86.2
10.082,-84.6
10.097,-82.9
10.113,-81.0
10.144,-74.8
10.151,-72.4
10.166,-70.0
10.182,-67.5
10.193,-65.2
10.203,-62.6
10.219,-59.7
10.224,-57.2
10.253,-51.5
10.258,-48.6
10.283,-42.8
10.285,-39.8
10.298,-36.9
10.309,-33.4
10.332,-26.9
10.338,-23.9
10.351,-20.7
10.36,-17.3
10.371,-14.0
10.386,-10.9
10.408,-4.2
10.412,-0.5
10.425,2.6
10.433,5.7
10.463,15.8
10.463,15.8
10.478,22.4
10.494,29.0
10.51,32.0
10.525,34.9
10.541,41.4
10.569,46.9
10.569,50.2
10.6,55.9
10.6,58.5
10.615,61.1
10.631,64.0
10.653,68.6
10.669,73.6
10.669,73.6
10.684,77.9
10.7,79.8
10.7,79.8
10.7,82.1
10.716,83.8
10.769,90.2
10.785,92.9
10.8,94.3
10.8,95.3
10.816,96.2
10.832,97.0
10.854,98.4
10.854,98.9
10.869,99.7
10.885,99.9
10.916,100.0
10.916,100.0
10.916,99.8
10.954,98.8
10.954,98.2
10.97,97.4
11.001,95.8
11.001,94.7
11.016,93.6
11.016,92.5
11.054,89.8
11.054,89.8
11.054,88.3
11.07,86.5
11.101,81.1
11.101,81.1
11.117,77.2
11.132,74.9
11.132,72.7
11.154,70.1
11.154,67.8
11.17,65.5
11.207,60.2
11.211,57.6
11.211,57.6
11.219,55.0
11.233,51.9
11.268,43.2
11.274,40.2
11.285,37.0
11.294,33.9
11.305,30.9
11.32,27.4
11.326,24.4
11.334,21.4
11.351,17.8
11.358,14.5
11.381,7.9
11.386,4.6
11.411,-2.2
11.42,-5.2
11.428,-8.4
11.442,-12.2
11.452,-15.3
11.466,-18.7
11.473,-21.8
11.481,-25.6
11.513,-34.4
11.502,-31.5
11.513,-34.4
11.544,-46.8
11.556,-49.7
11.588,-55.5
11.588,-58.1
11.619,-63.6
11.619,-63.6
11.619,-66.0
11.657,-73.2
11.657,-73.2
11.672,-77.6
11.688,-81.8
11.719,-85.2
11.719,-85.2
11.735,-87.0
11.735,-87.0
11.735,-88.6
11.757,-90.2
11.757,-91.5
11.757,-91.5
11.801,-92.7
11.806,-94.1
11.818,-95.1
11.85,-98.9
11.857,-99.7
11.888,-100.0
11.888,-100.0
11.904,-99.9
11.92,-99.6
11.92,-99.3
11.957,-98.3
11.973,-96.9
11.973,-96.0
11.989,-94.9
12.004,-92.7
12.02,-91.3
12.036,-89.7
12.058,-86.7
12.058,-86.7
12.089,-81.4
12.089,-81.4
12.089,-79.2
12.105,-77.5
12.12,-75.1
12.151,-68.2
12.158,-65.5
12.174,-63.4
12.197,-57.7
12.214,-52.3
12.214,-52.3
12.214,-49.1
12.23,-46.8
12.245,-43.6
12.258,-40.3
12.258,-37.8
12.273,-34.3
12.289,-31.0
12.32,-21.3
12.305,-24.9
12.32,-21.3
12.352,-11.5
12.374,-5.1
12.374,-1.4
12.405,4.8
12.405,8.4
12.421,12.1
12.421,14.8
12.458,20.9
12.458,24.7
12.474,31.4
12.49,34.0
12.505,37.6
12.521,40.8
12.521,43.3
12.559,49.8
12.574,55.1
12.574,58.0
12.59,63.2
12.605,65.9
12.621,67.9
12.621,70.6
12.621,70.6
12.637,73.2
12.659,75.0
12.659,77.3
12.674,79.6
12.69,81.7
12.706,86.6
12.721,88.4
12.737,90.0
12.737,90.0
12.737,91.2
12.759,92.6
12.759,92.6
12.759,93.9
12.775,95.1
12.822,98.3
12.806,97.7
12.822,98.3
12.853,99.6
12.859,99.9
12.875,100.0
12.891,99.9
12.891,99.9
12.906,99.6
12.906,99.4
12.937,97.7
12.96,96.0
12.991,94.0
12.991,94.0
13.022,90.1
13.022,90.1
13.022,88.6
13.053,85.4
13.06,83.4
13.075,79.7
13.107,75.2
13.107,73.3
13.122,70.8
13.138,68.3
13.138,66.1
13.16,63.4
13.16,61.3
13.186,58.4
13.186,58.4
13.194,55.3
13.202,52.4
13.214,50.1
13.264,34.6
13.264,31.7
13.295,25.0
13.295,25.0
13.326,15.1
13.311,18.5
13.326,15.1
13.342,8.9
13.36,5.0
13.36,2.3
13.376,-1.2
13.392,-7.4
13.423,-14.7
13.423,-14.7
13.423,-17.4
13.439,-20.8
13.454,-24.6
13.461,-28.0
13.476,-33.9
13.492,-40.0
13.508,-43.2
13.523,-45.6
13.523,-48.9
13.561,-55.0
13.561,-57.3
13.577,-63.2
13.577,-63.2
13.592,-65.3
13.608,-67.9
13.623,-70.5
13.623,-72.6
13.639,-77.2
13.661,-81.2
13.677,-83.2
13.677,-83.2
13.692,-84.7
13.692,-86.6
13.708,-88.4
13.724,-89.6
13.724,-91.1
13.761,-94.8
13.793,-96.8
13.808,-98.2
13.808,-98.7
13.808,-98.7
13.824,-99.2
13.84,-99.9
13.862,-100.0
13.893,-99.7
13.893,-99.7
13.924,-98.5
13.909,-98.9
13.924,-98.5
13.955,-96.2
13.978,-94.0
13.978,-93.0
13.978,-93.0
13.993,-91.6
14.009,-90.2
14.024,-87.2
14.04,-85.4
14.04,-85.4
14.04,-83.9
14.062,-81.9
14.062,-79.8
14.078,-78.1
14.093,-75.7
14.093,-73.4
14.109,-70.8
14.125,-68.9
14.14,-64.1
14.156,-61.2
14.162,-55.4
14.189,-53.1
14.201,-50.1
14.212,-46.9
14.212,-46.9
14.223,-44.3
14.23,-41.2
14.268,-31.8
14.304,-28.4
14.338,-12.5
14.34,-8.8
14.344,-5.9
14.363,-2.4
14.379,1.1
14.379,3.8
14.395,11.2
14.426,20.9
14.41,17.3
14.426,20.9
14.464,30.5
14.442,27.2
14.464,30.5
14.464,33.3
14.511,45.7
14.511,45.7
14.511,49.0
14.526,52.0
14.542,54.3
14.557,57.4
14.564,60.4
14.564,62.5
14.595,69.9
14.611,72.5
14.627,74.9
14.627,76.6
14.664,81.2
14.68,84.6
14.68,84.6
14.711,89.6
14.711,89.6
14.727,92.2
14.742,93.6
14.742,93.6
14.742,94.8
14.765,95.6
14.78,97.5
14.78,97.5
14.796,98.1
14.796,98.7
14.827,99.5
14.827,99.8
14.858,100.0
14.881,99.7
14.881,99.5
14.896,99.0
14.912,97.8
14.927,97.2
14.927,96.2
14.927,96.2
14.943,95.2
14.965,94.4
14.996,90.5
14.996,89.0
15.028,85.8
15.012,87.2
15.028,85.8
15.065,78.0
15.065,78.0
15.065,78.0
15.081,75.8
15.081,74.0
15.112,66.8
15.128,64.2
15.144,61.5
15.144,58.4
15.166,56.1
15.166,53.2
15.189,50.9
15.205,44.4
15.217,42.0
15.225,38.8
15.238,35.5
15.264,29.3
15.273,25.9
15.296,19.5
15.299,16.0
15.296,19.5
15.299,16.0
15.312,12.6
15.324,9.9
15.353,-0.2
15.364,-3.7
15.366,-7.4
15.366,-7.4
15.382,-10.3
15.382,-13.8
15.413,-23.5
15.413,-23.5
15.429,-27.1
15.466,-36.4
15.466,-39.1
15.482,-42.3
15.498,-48.0
15.513,-51.3
15.529,-54.2
15.529,-56.6
15.56,-62.4
15.567,-64.5
15.582,-69.8
15.614,-74.3
15.614,-76.7
15.629,-78.9
15.645,-80.6
15.645,-80.6
15.645,-82.7
15.667,-84.7
15.667,-86.1
15.683,-87.8
15.698,-89.5
15.714,-92.2
15.729,-93.5
15.729,-94.5
15.729,-94.5
15.745,-95.6
15.767,-96.6
15.798,-99.1
15.798,-99.1
15.814,-99.8
15.83,-99.9
15.845,-100.0
15.845,-100.0
15.845,-99.9
15.867,-99.8
15.883,-99.0
15.899,-98.0
15.899,-98.0
15.914,-97.2
15.93,-96.2
15.946,-94.3
15.961,-93.4
15.968,-92.0
15.999,-87.7
15.999,-87.7
16.015,-84.0
16.03,-82.5
16.03,-80.4
16.068,-76.4
16.068,-74.1
16.084,-69.5
16.115,-64.3
16.115,-64.3
16.13,-62.0
16.13,-59.1
16.146,-54.0
16.168,-51.0
16.184,-47.6
16.193,-45.2
16.204,-42.0
16.216,-38.8
16.225,-35.2
16.233,-32.7
16.254,-26.8
16.267,-23.0
16.278,-19.6
16.288,-16.9
16.307,-9.8
16.319,-6.1
16.327,-3.4
16.343,0.1
16.343,0.1
16.348,3.8
16.36,6.7
16.373,10.2
16.397,16.6
16.401,20.0
16.413,23.6
16.428,29.6
16.444,33.1
16.46,39.1
16.485,44.9
16.485,48.1
16.516,53.5
16.516,56.6
16.532,59.4
16.547,61.7
16.569,67.2
16.569,69.2
16.601,74.2
16.601,74.2
16.632,80.6
16.632,80.6
16.632,82.2
16.663,86.1
16.67,89.1
16.67,89.1
16.685,90.8
16.701,92.2
16.716,93.3
16.716,94.5
16.732,95.6
16.716,93.3
16.716,94.5
16.732,95.6
16.748,96.4
16.748,97.2
16.77,98.0
16.77,98.0
16.77,98.6
16.832,99.1
16.901,98.6
16.901,98.0
16.901,97.2
16.901,97.2
16.911,96.5
16.911,95.5
16.958,92.0
16.958,92.0
16.958,90.9
16.973,89.4
17.011,84.5
17.011,82.5
17.027,80.3
17.042,76.4
17.058,72.1
17.058,72.1
17.074,69.5
17.089,67.0
17.12,59.2
17.136,56.9
17.136,54.0
17.152,51.1
17.167,48.4
17.167,45.3
17.191,42.1
17.208,36.0
17.221,32.8
17.221,32.8
17.233,30.2
17.243,26.8
17.269,20.4
17.277,17.0
17.295,10.6
17.307,7.0
17.333,0.8
17.334,-2.9
17.347,-6.4
17.358,-9.3
17.367,-12.8
17.376,-16.4
17.388,-19.1
17.406,-22.7
17.408,-26.1
17.434,-32.3
17.445,-35.7
17.464,-41.6
17.464,-44.8
17.495,-50.4
17.495,-53.6
17.511,-58.7
17.526,-61.7
17.526,-61.7
17.542,-64.5
17.542,-66.6
17.589,-73.8
17.589,-76.1
17.604,-80.1
17.62,-82.1
17.636,-85.6
17.667,-89.1
17.651,-87.5
17.667,-89.1
17.682,-90.4
17.698,-94.2
17.714,-95.4
17.729,-97.0
17.745,-97.9
17.745,-97.9
17.761,-98.6
17.776,-99.1
17.792,-99.9
17.792,-99.8
17.792,-99.9
17.807,-100.0
17.839,-99.6
17.87,-98.7
17.87,-98.7
17.901,-96.5
17.901,-95.8
17.932,-93.4
17.932,-92.4
17.932,-92.4
17.948,-91.0
17.964,-89.4
17.979,-86.3
17.995,-83.0
18.026,-78.7
18.026,-78.7
18.042,-74.7
18.057,-69.6
18.089,-65.0
18.089,-62.0
18.12,-57.0
18.12,-57.0
18.135,-51.5
18.151,-48.4
18.151,-45.4
18.191,-39.6
18.196,-36.1
18.208,-33.6
18.216,-30.3
18.228,-26.9
18.242,-23.9
18.264,-17.1
18.269,-14.4
18.281,-10.6
18.3,-7.1
18.304,-4.4
18.31,-0.8
18.33,2.8
18.331,5.8
18.342,9.2
18.356,12.7
18.382,19.2
18.384,22.6
18.396,25.3
18.407,28.8
18.434,35.6
18.438,38.2
18.449,41.6
18.463,44.0
18.478,50.3
18.492,53.5
18.513,58.8
18.529,63.8
18.529,63.8
18.544,69.2
18.56,73.7
18.575,76.0
18.575,76.0
18.591,77.8
18.591,80.0
18.638,85.6
18.638,87.4
18.654,88.8
18.669,91.8
18.685,94.2
18.685,94.2
18.7,95.3
18.716,96.1
18.732,97.9
18.732,97.9
18.747,98.4
18.763,99.0
18.794,99.9
18.794,100.0
18.825,99.8
18.825,99.6
18.857,98.8
18.857,98.2
18.888,96.7
18.903,94.7
18.903,94.7
18.919,93.7
18.919,92.4
18.935,91.0
18.935,91.0
18.95,89.8
18.95,88.1
18.982,83.1
19.013,79.2
19.013,79.2
19.028,74.8
19.044,70.2
19.075,65.7
19.06,67.7
19.075,65.7
19.075,62.7
19.107,54.8
19.138,48.5
19.138,46.1
19.153,43.0
19.169,39.6
19.169,37.0
19.193,33.7
19.203,31.1
19.203,31.1
19.213,27.6
19.213,24.0
19.244,14.3
19.276,7.9
19.244,17.9
19.244,14.3
19.26,10.8
19.276,7.9
19.276,4.4
19.291,0.8
19.307,-2.0
19.377,-15.5
19.379,-18.9
19.377,-15.5
19.379,-18.9
19.381,-21.8
19.385,-25.4
19.42,-38.1
19.42,-40.8
19.436,-43.9
19.467,-49.6
19.467,-49.6
19.483,-52.8
19.483,-55.7
19.498,-57.9
19.498,-60.9
19.514,-63.8
19.529,-68.4
19.545,-73.6
19.576,-77.7
19.576,-77.7
19.592,-81.7
19.592,-81.7
19.608,-83.6
19.608,-85.5
19.639,-90.3
19.654,-91.4
19.686,-94.2
19.686,-95.0
19.701,-96.1
19.717,-97.7
19.748,-99.0
19.748,-99.3
19.748,-99.3
19.764,-99.7
19.779,-99.9
19.811,-99.8
19.811,-99.6
19.811,-99.6
19.826,-99.3
19.842,-98.8
19.842,-98.1
19.858,-97.6
19.873,-96.8
19.873,-96.0
19.889,-94.9
19.904,-93.7
19.936,-89.7
19.936,-88.1
19.936,-88.1
19.951,-86.8
19.967,-85.0
19.967,-82.9
19.982,-81.4
19.998,-79.3
20.014,-75.4
20.029,-72.7
20.029,-70.3
20.045,-68.3
20.076,-62.8
20.076,-62.8
20.076,-60.6
20.092,-57.8
20.107,-51.6
20.107,-51.6
20.123,-49.3
20.123,-46.2
20.154,-40.3
20.17,-37.0
20.17,-34.5
20.193,-31.2
20.193,-31.2
20.198,-27.5
20.211,-24.1
20.219,-21.5
20.231,-18.0
20.263,-8.0
20.263,-8.0
20.263,-5.3
20.279,-1.6
20.279,-1.6
20.279,2.1
20.294,5.6
20.341,18.3
20.341,18.3
20.357,25.3
20.372,31.4
20.388,34.7
20.419,40.7
20.419,43.8
20.451,49.7
20.451,52.7
20.466,55.0
20.466,58.0
20.482,61.0
20.497,63.1
20.513,68.5
20.544,73.0
20.529,71.2
20.544,73.0
20.544,75.4
20.576,81.6
20.607,85.2
20.607,87.0
20.622,88.7
20.654,91.4
20.669,93.9
20.669,95.0
20.701,96.8
20.701,96.8
20.716,98.4
20.747,99.3
20.747,99.7
20.747,99.7
20.763,99.9
20.763,100.0
20.794,99.6
20.826,98.9
20.826,98.9
20.841,97.6
20.857,96.1
20.888,93.8
20.888,93.8
20.904,91.4
20.935,88.5
20.935,86.9
20.95,83.4
20.966,81.4
20.997,77.7
20.997,75.3
21.029,70.9
21.029,68.4
21.044,63.4
21.06,60.7
21.06,60.7
21.075,57.9
21.091,55.5
21.122,47.0
21.122,43.7
21.138,37.8
21.138,37.8
21.154,34.6
21.185,28.5
21.198,25.0
21.219,18.9
21.227,15.3
21.239,11.6
21.25,8.9
21.259,5.4
21.273,1.7
21.28,-1.0
21.296,-4.7
21.301,-8.2
21.315,-14.5
21.33,-18.0
21.33,-21.6
21.346,-24.4
21.346,-24.4
21.362,-27.8
21.362,-30.4
21.393,-40.6
21.393,-40.6
21.408,-43.0
21.424,-46.4
21.44,-51.9
21.455,-57.9
21.486,-63.0
21.486,-63.0
21.518,-70.5
21.518,-70.5
21.533,-73.0
21.533,-74.8
21.549,-77.1
21.58,-83.1
21.58,-83.1
21.58,-85.0
21.596,-87.0
21.611,-88.3
21.627,-91.0
21.643,-93.8
21.658,-94.8
21.69,-96.8
21.69,-97.7
21.721,-98.8
21.721,-99.3
21.736,-99.9
21.752,-100.0
21.783,-99.9
21.783,-99.9
21.783,-99.9
21.783,-99.7
21.799,-99.4
21.815,-98.9
21.877,-96.1
21.877,-95.2
21.877,-94.1
21.902,-91.8
21.915,-90.2
21.915,-88.6
21.946,-83.5
21.962,-81.5
21.946,-83.5
21.962,-81.5
21.962,-79.9
21.977,-77.7
21.977,-75.2
21.993,-73.4
22.024,-69.0
22.024,-66.3
22.04,-63.5
22.056,-58.6
22.056,-58.6
22.071,-55.6
22.087,-52.5
22.118,-43.8
22.118,-43.8
22.149,-34.7
22.134,-37.9
22.149,-34.7
22.149,-31.9
22.18,-25.0
22.194,-22.4
22.202,-18.8
22.218,-15.4
22.235,-9.0
22.247,-5.3
22.255,-2.6
22.268,1.1
22.275,4.6
22.293,8.3
22.295,11.0
22.308,14.4
22.346,24.4
22.349,27.0
22.361,30.5
22.379,37.3
22.379,37.3
22.395,39.8
22.395,43.1
22.426,51.2
22.426,51.2
22.441,54.2
22.441,57.2
22.457,60.2
22.488,65.6
22.504,69.9
22.504,69.9
22.504,72.4
22.519,74.7
22.566,81.5
22.566,82.6
22.582,84.6
22.598,88.2
22.598,89.8
22.598,89.8
22.613,91.4
22.629,92.2
22.644,94.7
22.66,95.8
22.676,96.8
22.676,97.6
22.707,98.7
22.723,99.6
22.738,99.8
22.754,100.0
22.769,99.9
22.769,99.9
22.769,99.7
22.785,99.4
22.816,98.0
22.832,97.2
22.848,95.2
22.863,94.1
22.863,92.8
22.894,90.5
22.91,87.3
22.91,87.3
22.926,83.5
22.957,80.4
22.957,78.2
22.988,73.5
23.004,68.6
23.004,68.6
23.019,64.2
23.051,58.7
23.051,55.6
23.082,50.9
23.098,44.6
23.098,44.6
23.113,38.0
23.129,34.8
23.144,32.8
23.16,25.9
23.183,22.5
23.189,18.9
23.203,15.4
23.212,11.8
23.222,9.9
23.236,6.2
23.242,2.7
23.263,-4.5
23.275,-8.2
23.283,-10.1
23.296,-13.6
23.316,-20.8
23.325,-24.3
23.338,-27.6
23.348,-29.5
23.348,-29.5
23.357,-33.2
23.369,-36.5
23.401,-46.4
23.413,-51.1
23.413,-51.1
23.429,-57.3
23.46,-62.9
23.46,-64.4
23.492,-69.8
23.507,-74.7
23.507,-74.7
23.523,-79.4
23.554,-82.6
23.554,-84.7
23.585,-88.2
23.585,-89.1
23.585,-89.1
23.601,-90.8
23.616,-92.2
23.648,-95.8
23.648,-96.8
23.648,-96.8
23.663,-97.3
23.679,-98.0
23.71,-99.6
23.726,-99.9
23.741,-100.0
23.757,-99.9
23.773,-99.4
23.773,-99.4
23.773,-98.9
23.788,-98.6
23.819,-97.2
23.835,-95.2
23.851,-94.1
23.866,-92.0
23.882,-89.0
23.898,-87.4
23.913,-85.5
23.929,-82.5
23.945,-80.5
23.96,-75.9
23.976,-73.5
23.991,-69.6
23.991,-69.6
24.023,-61.6
24.038,-58.6
24.054,-54.0
24.069,-51.0
24.085,-44.5
24.085,-44.5
24.101,-38.1
24.132,-32.9
24.132,-29.4
24.148,-26.0
24.163,-22.4
24.163,-19.0
24.19,-16.9
24.196,-13.4
24.217,-6.3
24.23,-2.8
24.238,0.9
24.25,2.8
24.262,6.5
24.27,10.0
24.25,2.8
24.262,6.5
24.27,10.0
24.283,13.7
24.291,17.1
24.366,29.6
24.369,33.1
24.371,36.4
24.395,44.9
24.403,48.0
24.403,48.0
24.406,51.0
24.425,54.2
24.448,61.6
24.448,61.6
24.458,64.5
24.463,67.2
24.494,74.6
24.494,74.6
24.51,78.4
24.541,82.5
24.556,86.5
24.556,86.5
24.588,90.8
24.588,90.8
24.603,93.5
24.634,95.8
24.65,97.2
24.65,97.2
24.666,98.7
24.666,98.7
24.681,99.2
24.697,99.6
24.728,100.0
24.728,99.9
24.76,99.4
24.76,99.2
24.76,99.2
24.775,98.6
24.791,98.0
24.822,95.3
24.822,94.7
24.853,92.0
24.869,90.6
24.885,87.4
24.9,86.4
24.916,82.5
24.916,80.5
24.947,75.9
24.963,74.6
24.978,69.7
24.994,67.0
25.01,61.6
25.01,58.7
25.041,54.0
25.056,51.0
25.072,44.7
25.088,41.4
25.103,36.2
25.119,32.9
25.134,26.1
25.134,26.1
25.15,22.5
25.15,20.6
25.166,17.2
25.183,13.5
25.192,9.9
25.206,6.4
25.213,2.9
25.231,0.9
25.233,-2.9
25.258,-9.9
25.266,-13.4
25.266,-13.4
25.278,-17.2
25.287,-19.1
25.298,-22.6
25.307,-26.0
25.331,-33.0
25.34,-36.3
25.352,-38.1
25.36,-41.5
25.374,-44.8
25.381,-47.9
25.397,-50.9
25.401,-53.9
25.413,-57.1
25.425,-58.7
25.437,-61.5
25.446,-64.2
25.446,-64.2
25.46,-67.2
25.466,-69.7
25.504,-76.1
25.512,-80.4
25.528,-82.5
25.544,-85.6
25.544,-85.6
25.575,-90.7
25.591,-92.1
25.606,-94.1
25.622,-95.4
25.637,-97.2
25.637,-97.2
25.669,-99.2
25.684,-99.4
25.7,-99.9
25.7,-99.9
25.731,-99.8
25.731,-99.8
25.747,-99.2
25.778,-98.0
25.778,-98.0
25.778,-97.2
25.794,-96.3
25.825,-93.4
25.825,-93.4
25.856,-90.6
25.872,-88.1
25.872,-86.3
25.903,-82.6
25.919,-78.3
25.919,-78.3
25.95,-74.7
25.966,-69.7
25.966,-67.0
25.997,-61.5
25.997,-60.0
26.028,-54.1
26.044,-51.1
26.059,-44.6
26.059,-42.9
26.091,-36.3
26.106,-33.0
26.122,-26.2
26.137,-24.1
26.137,-20.7
26.153,-17.1
26.153,-13.6
26.169,-10.0
26.2,-4.3
26.213,-0.8
26.229,6.3
26.229,6.3
26.229,9.8
26.244,13.5
26.26,15.6
26.26,19.0
26.276,22.5
26.291,26.0
26.291,29.6
26.323,32.9
26.323,34.7
26.323,38.0
26.354,41.6
26.369,44.7
26.369,50.8
26.401,54.2
26.401,55.8
26.401,55.8
26.401,58.6
26.432,61.4
26.432,67.1
26.463,69.6
26.463,71.0
26.463,73.6
26.494,76.0
26.494,78.2
26.494,78.2
26.494,80.4
26.526,82.5
26.526,83.7
26.526,85.6
26.557,87.3
26.557,89.1
26.557,90.7
26.588,92.1
26.619,95.3
26.619,96.3
26.635,98.0
26.619,97.2
26.635,98.0
26.651,98.7
26.682,99.7
26.682,99.9
26.713,100.0
26.729,99.6
26.744,99.2
26.76,98.0
26.76,98.0
26.791,95.8
26.807,94.7
26.807,94.7
26.807,93.5
26.822,92.1
26.854,88.2
26.869,86.5
26.869,86.5
26.903,84.6
26.908,82.6
26.91,80.5
26.939,74.8
26.952,69.8
26.968,65.7
26.968,65.7
26.983,62.8
26.999,60.1
26.999,57.1
26.999,57.1
27.014,54.2
27.014,51.0
27.046,46.3
27.046,43.0
27.061,39.6
27.093,33.1
27.108,27.6
27.108,24.2
27.139,17.4
27.139,13.5
27.155,10.0
27.171,8.1
27.187,4.6
27.195,0.8
27.208,-2.8
27.218,-6.2
27.228,-8.2
27.248,-15.5
27.263,-22.4
27.263,-22.4
27.279,-29.5
27.31,-34.6
27.31,-34.6
27.31,-37.9
27.326,-41.5
27.341,-44.6
27.341,-47.7
27.357,-49.4
27.388,-58.6
27.404,-61.4
27.42,-65.9
27.42,-65.9
27.451,-73.5
27.451,-73.5
27.482,-79.4
27.498,-81.6
27.513,-85.5
27.529,-87.3
27.544,-90.6
27.56,-91.4
27.576,-92.8
27.591,-95.3
27.591,-96.3
27.623,-97.7
27.638,-98.4
27.654,-99.4
27.669,-99.7
27.685,-100.0
27.685,-100.0
27.685,-100.0
27.716,-99.6
27.732,-99.2
27.748,-98.3
27.763,-97.6
27.779,-95.8
27.779,-94.7
27.81,-92.1
27.826,-91.4
27.826,-91.4
27.826,-89.9
27.841,-88.2
27.873,-83.6
27.888,-81.5
27.904,-77.1
27.904,-77.1
27.935,-69.7
27.935,-69.7
27.951,-65.7
27.982,-60.2
27.998,-54.3
27.998,-54.3
28.029,-46.2
28.044,-43.1
28.044,-39.7
28.076,-34.5
28.076,-34.5
28.076,-31.2
28.091,-27.7
28.122,-17.3
28.122,-17.3
28.138,-13.6
28.154,-11.7
28.169,-4.5
28.169,-0.8
28.194,2.7
28.203,4.6
28.216,8.3
28.224,12.0
28.239,15.4
28.248,18.9
28.248,18.9
28.263,22.3
28.268,26.0
28.297,34.6
28.312,41.4
28.312,41.4
28.328,44.5
28.328,46.3
28.344,49.7
28.375,58.5
28.39,61.3
28.406,65.8
28.406,65.8
28.437,73.6
28.453,75.9
28.453,77.1
28.484,81.6
28.484,83.6
28.516,87.2
28.531,89.1
28.547,91.4
28.547,92.8
28.578,95.3
28.594,96.8
28.609,97.6
28.609,97.6
28.625,98.4
28.625,98.9
28.641,99.4
28.641,99.7
28.672,99.9
28.672,100.0
28.672,100.0
28.703,99.8
28.703,99.6
28.719,99.2
28.734,98.9
28.734,97.6
28.765,96.8
28.765,95.8
28.765,95.8
28.781,94.7
28.797,94.1
28.797,92.8
28.812,91.4
28.828,89.9
28.828,89.9
28.828,88.3
28.828,86.5
28.859,85.5
28.859,83.5
28.91,77.2
28.91,77.2
28.91,74.8
28.91,72.4
28.926,71.0
28.973,65.7
28.973,63.0
28.973,60.2
28.973,60.2
28.973,57.2
28.988,55.5
29.004,52.5
29.004,49.5
29.035,46.3
29.035,43.2
29.067,38.0
29.067,34.8
29.067,31.3
29.082,27.8
29.082,24.4
29.113,21.0
29.113,18.9
29.113,18.9
29.129,15.2
29.129,11.8
29.16,8.3
29.16,4.6
29.16,0.9
29.2,-1.0
29.202,-4.5
29.202,-4.5
29.204,-8.0
29.211,-11.8
29.244,-15.3
29.245,-18.8
29.29,-27.8
29.292,-31.2
29.293,-34.5
29.296,-37.9
29.296,-37.9
29.304,-41.3
29.336,-43.0
29.337,-46.2
29.296,-37.9
29.304,-41.3
29.336,-43.0
29.337,-46.2
29.341,-49.4
29.346,-52.6
29.363,-55.5
29.462,-71.0
29.463,-73.5
29.465,-74.8
29.467,-77.1
29.468,-79.4
29.498,-83.6
29.498,-85.4
29.498,-86.5
29.513,-88.3
29.513,-89.9
29.545,-91.4
29.56,-92.8
29.56,-94.1
29.56,-95.2
29.591,-95.8
29.591,-96.8
29.607,-97.7
29.607,-98.9
29.638,-99.2
29.654,-99.6
29.654,-100.0
29.685,-100.0
29.685,-99.9
29.685,-99.9
29.685,-99.6
29.716,-99.4
29.716,-98.4
29.748,-97.6
29.748,-96.8
29.748,-95.9
29.779,-95.2
29.779,-94.1
29.779,-94.1
29.779,-92.8
29.81,-91.4
29.81,-89.9
29.81,-91.4
29.81,-89.9
29.81,-88.2
29.841,-87.3
29.841,-85.5
29.857,-83.6
29.92,-75.8
29.92,-73.5
29.92,-71.0
29.92,-68.5
29.92,-68.5
29.935,-65.7
29.966,-63.1
29.966,-60.2
29.966,-58.6
29.966,-55.6
30.013,-52.6
30.013,-49.4
30.013,-46.4
30.013,-43.1
30.06,-31.2
30.06,-31.2
30.076,-27.8
30.076,-24.5
30.091,-22.4
30.091,-22.4
30.091,-18.8
30.138,-15.4
30.138,-11.9
30.138,-8.2
30.138,-4.5
30.169,-2.6
30.169,0.9
30.22,11.8
30.221,15.2
30.226,17.1
30.23,20.6
30.226,17.1
30.23,20.6
30.239,24.4
30.267,27.7
30.268,31.1
30.318,39.8
30.319,43.0
30.321,46.1
30.325,49.5
30.351,52.5
30.352,54.2
30.354,57.1
30.366,60.2
30.386,63.0
30.388,65.6
30.396,68.2
30.408,70.9
30.433,77.0
30.449,79.3
30.464,83.5
30.48,84.5
30.48,86.5
30.496,88.2
30.511,89.8
30.511,91.3
30.542,93.5
30.558,95.8
30.558,95.8
30.589,98.3
30.605,98.7
30.605,98.7
30.605,99.2
30.621,99.6
30.636,99.8
30.636,100.0
30.652,100.0
30.683,99.4
30.699,98.9
30.714,97.6
30.73,96.8
30.73,96.8
30.73,96.3
30.746,95.3
30.761,92.8
30.777,91.4
30.792,89.9
30.792,89.9
30.792,89.1
30.824,87.3
30.824,83.6
30.839,81.6
30.855,79.5
30.855,79.5
30.855,78.3
30.886,75.9
30.886,71.0
30.917,68.5
30.917,65.8
30.917,65.8
30.917,64.3
30.946,61.6
30.946,61.6
30.946,58.7
30.962,55.6
30.978,49.7
30.978,47.8
30.993,44.6
31.009,41.4
31.025,38.2
31.04,34.8
31.04,31.3
31.056,27.9
31.056,26.1
31.087,18.9
31.087,18.9
31.087,15.4
31.103,12.0
31.118,6.2
31.15,2.7
31.15,-0.8
31.165,-4.3
31.181,-11.7
31.202,-13.6
31.206,-17.0
31.213,-20.7
31.236,-24.3
31.237,-27.6
31.246,-31.0
31.255,-33.0
31.275,-36.5
31.279,-39.7
31.287,-42.9
31.311,-46.2
31.318,-49.4
31.318,-49.4
31.32,-51.1
31.328,-54.1
31.345,-57.2
31.349,-60.0
31.361,-62.9
31.381,-68.3
31.404,-69.7
31.419,-72.3
31.424,-77.0
31.437,-79.3
31.447,-81.5
31.456,-82.6
31.463,-84.5
31.463,-86.4
31.494,-89.8
31.51,-92.1
31.51,-92.1
31.541,-94.7
31.541,-94.7
31.541,-95.8
31.557,-96.8
31.557,-97.6
31.572,-98.0
31.588,-98.6
31.588,-99.2
31.604,-99.6
31.619,-99.8
31.651,-99.9
31.651,-99.7
31.682,-99.0
31.682,-99.0
31.697,-98.4
31.697,-97.7
31.697,-97.7
31.713,-97.2
31.729,-96.3
31.744,-92.9
31.744,-92.9
31.76,-91.4
31.776,-90.6
31.791,-89.0
31.791,-87.4
31.807,-85.5
31.822,-83.7
31.822,-81.6
31.838,-80.4
31.838,-78.2
31.854,-76.0
31.869,-73.5
31.822,-83.7
31.822,-81.6
31.838,-80.4
31.838,-78.2
31.854,-76.0
31.869,-73.5
31.885,-71.1
31.885,-68.5
31.901,-67.0
31.916,-64.4
31.916,-61.5
32.027,-34.7
32.033,-31.4
32.049,-26.0
32.033,-29.5
32.049,-26.0
32.064,-22.6
32.064,-19.0
32.08,-15.5
32.08,-13.6
32.111,-6.3
32.127,-2.8
32.127,0.7
32.127,0.7
32.142,4.4
32.158,8.1
32.158,10.0
32.181,13.5
32.197,17.0
32.213,24.2
32.23,27.6
32.234,29.4
32.242,33.1
32.259,36.4
32.263,39.6
32.283,46.3
32.296,48.0
32.316,54.0
32.332,57.1
32.332,57.1
32.336,60.1
32.349,62.8
32.349,62.8
32.359,64.3
32.369,67.1
32.378,69.8
32.401,74.6
32.418,77.0
32.428,79.3
32.433,80.5
32.443,82.5
32.461,84.6
32.476,88.2
32.493,89.8
32.496,90.7
32.512,93.5
32.504,92.1
32.512,93.5
32.512,94.7
32.559,98.0
32.559,98.0
32.59,99.6
32.59,99.2
32.59,99.6
32.606,99.8
32.637,99.9
32.637,99.7
32.668,99.0
32.668,99.0
32.684,98.4
32.684,98.0
32.7,96.3
32.731,94.2
32.747,92.1
32.747,92.1
32.778,89.1
32.778,89.1
32.778,87.4
32.793,85.6
32.809,83.7
32.809,82.5
32.825,80.5
32.856,73.7
32.856,73.7
32.872,71.2
32.872,69.7
32.887,67.1
32.903,64.5
32.903,61.6
32.918,58.7
32.95,51.0
32.95,51.0
32.965,47.8
32.965,44.7
32.981,41.6
33.012,32.9
33.028,29.6
33.043,22.5
33.043,22.5
33.075,13.7
33.09,9.8
33.106,2.9
33.106,2.9
33.121,-2.8
33.137,-6.4
33.153,-9.9
33.168,-17.0
33.193,-20.5
33.209,-26.0
33.214,-29.3
33.214,-32.8
33.214,-32.8
33.23,-36.3
33.245,-39.5
33.277,-47.9
33.277,-50.9
33.308,-57.0
33.323,-60.0
33.323,-60.0
33.323,-61.5
33.339,-64.2
33.37,-72.2
33.37,-74.6
33.37,-74.6
33.386,-76.0
33.402,-78.3
33.417,-82.5
33.433,-84.5
33.448,-86.4
33.48,-89.0
33.448,-87.4
33.48,-89.0
33.48,-90.6
33.511,-94.6
33.511,-94.6
33.511,-95.8
33.527,-96.3
33.542,-97.2
33.542,-98.0
33.558,-98.6
33.573,-99.2
33.573,-99.6
33.589,-99.7
33.605,-99.9
33.605,-100.0
33.62,-99.9
33.636,-99.4
33.667,-98.7
33.683,-97.2
33.683,-97.2
33.698,-96.4
33.698,-95.3
33.714,-94.7
33.73,-92.1
33.761,-89.1
33.776,-86.4
33.761,-87.4
33.776,-86.4
33.792,-84.6
33.823,-78.3
33.839,-76.1
33.855,-72.3
33.855,-72.3
33.855,-69.7
33.87,-67.2
33.917,-58.7
33.917,-58.7
33.917,-57.2
33.933,-54.1
33.933,-51.1
33.933,-51.1
33.948,-47.9
33.948,-44.8
33.995,-36.3
33.995,-36.3
33.995,-33.0
34.011,-29.7
34.042,-20.7
34.026,-22.6
34.042,-20.7
34.058,-17.3
34.089,-6.5
34.105,-1.0
34.12,2.8
34.136,9.8
34.12,6.4
34.136,9.8
34.136,13.3
34.151,17.2
34.167,20.6
34.183,22.5
34.183,22.5
34.196,25.9
34.204,29.4
34.22,32.9
34.25,41.4
34.265,47.8
34.281,54.0
34.297,57.1
34.297,57.1
34.297,58.6
34.312,61.4
34.328,64.3
34.328,67.1
34.343,69.6
34.375,75.9
34.375,75.9
34.39,78.2
34.39,80.4
34.406,82.4
34.406,82.4
34.421,84.4
34.421,85.6
34.437,87.3
34.421,84.4
34.421,85.6
34.437,87.3
34.453,89.0
34.453,90.6
34.549,94.1
34.551,95.3
34.554,96.3
34.577,99.7
34.592,99.9
34.608,99.9
34.624,99.8
34.639,99.2
34.624,99.6
34.639,99.2
34.655,98.7
34.686,96.4
34.686,96.4
34.686,95.8
34.702,94.7
34.717,92.2
34.733,90.7
34.749,89.2
34.749,88.2
34.78,86.5
34.78,84.6
34.78,82.6
34.811,80.5
34.811,78.4
34.842,74.8
34.842,72.3
34.858,67.2
34.874,64.5
34.874,61.6
34.905,57.2
34.92,51.0
34.936,48.0
34.936,48.0
34.936,44.9
34.952,43.2
34.967,39.6
34.983,36.4
34.999,33.1
34.999,29.8
34.999,26.1
35.014,24.2
35.03,17.4
35.03,17.4
35.045,13.7
35.061,10.0
35.092,1.1
35.092,-2.8
35.124,-9.7
35.124,-9.7
35.124,-13.2
35.139,-15.3
35.139,-15.3
35.155,-19.0
35.17,-22.4
35.192,-29.3
35.199,-32.8
35.212,-34.6
35.22,-37.9
35.245,-44.6
35.253,-47.7
35.265,-50.8
35.274,-53.9
35.294,-58.6
35.313,-64.2
35.329,-69.6
35.329,-69.6
35.344,-71.0
35.344,-73.5
35.36,-76.0
35.391,-82.5
35.375,-80.3
35.391,-82.5
35.407,-83.6
35.407,-85.5
35.422,-87.3
35.438,-89.0
35.454,-90.6
35.454,-92.1
35.469,-92.8
35.5,-96.3
35.5,-97.2
35.5,-97.2
35.516,-98.0
35.532,-98.4
35.547,-99.4
35.563,-99.7
35.579,-99.9
35.579,-99.9
35.579,-100.0
35.61,-99.9
35.61,-99.8
35.61,-99.6
35.625,-99.2
35.657,-97.3
35.672,-96.8
35.688,-94.8
35.704,-93.5
35.719,-90.7
35.719,-90.7
35.735,-89.9
35.735,-88.2
35.75,-86.5
35.766,-84.6
35.782,-82.7
35.782,-82.7
35.782,-80.6
35.797,-79.4
35.829,-72.3
35.844,-67.2
35.86,-65.7
35.875,-60.2
35.86,-62.9
35.875,-60.2
35.891,-57.2
35.922,-49.4
35.938,-43.1
35.922,-46.2
35.938,-43.1
35.953,-39.7
35.985,-29.7
36.0,-24.3
36.0,-27.7
36.0,-24.3
36.016,-20.9
36.047,-10.1
36.047,-8.2
36.047,-8.2
36.063,-4.5
36.078,-0.8
36.11,9.6
36.125,12.0
36.141,18.9
36.125,15.4
36.141,18.9
36.141,22.3
36.157,26.1
36.172,29.4
36.172,31.3
36.199,34.6
36.214,37.8
36.221,41.4
36.228,44.6
36.248,47.6
36.26,52.7
36.276,55.6
36.281,58.5
36.294,61.3
36.294,61.3
36.302,64.3
36.314,67.0
36.351,73.6
36.351,73.6
36.355,75.9
36.363,78.1
36.394,83.6
36.41,87.2
36.41,87.2
36.425,89.0
36.441,90.6
36.441,91.4
36.457,92.8
36.457,94.1
36.472,95.3
36.488,96.3
36.488,97.2
36.503,97.6
36.535,98.9
36.535,98.9
36.535,99.4
36.55,99.7
36.582,100.0
36.597,99.6
36.597,99.6
36.628,98.7
36.628,98.7
36.628,98.0
36.644,97.6
36.675,94.7
36.675,94.7
36.691,93.6
36.691,92.2
36.691,92.2
36.707,91.4
36.722,89.8
36.738,84.7
36.769,81.5
36.769,81.5
36.785,79.4
36.785,77.2
36.8,74.8
36.816,72.4
36.816,69.9
36.816,69.9
36.831,68.4
36.847,65.8
36.863,60.2
36.878,57.2
36.878,54.3
36.878,54.3
36.894,52.5
36.91,49.5
36.91,46.3
36.925,43.2
36.941,39.8
36.941,36.6
36.956,34.8
36.972,31.3
36.972,27.8
36.988,24.4
37.003,21.0
37.019,17.4
37.113,-2.6
37.113,-6.1
37.113,-8.0
37.128,-15.3
37.128,-18.8
37.128,-22.2
37.144,-25.8
37.16,-27.8
37.183,-34.5
37.195,-37.9
37.195,-37.9
37.207,-41.3
37.215,-44.5
37.236,-49.4
37.252,-52.6
37.257,-55.6
37.269,-58.4
37.279,-61.4
37.279,-61.4
37.29,-64.2
37.302,-65.7
37.314,-68.3
37.322,-71.0
37.329,-73.5
37.329,-73.5
37.343,-75.8
37.35,-77.1
37.37,-79.4
37.403,-87.3
37.4,-85.4
37.403,-87.3
37.413,-89.0
37.413,-89.9
37.429,-91.4
37.445,-92.7
37.46,-95.2
37.476,-96.2
37.476,-96.8
37.491,-97.6
37.507,-98.4
37.507,-98.9
37.538,-99.7
37.554,-100.0
37.554,-100.0
37.57,-99.9
37.585,-99.6
37.601,-99.2
37.616,-99.0
37.616,-99.0
37.616,-98.4
37.632,-97.6
37.663,-94.8
37.679,-92.8
37.679,-92.8
37.679,-92.8
37.695,-91.4
37.71,-89.9
37.726,-84.7
37.726,-84.7
37.741,-83.6
37.757,-81.6
37.788,-74.8
37.804,-72.5
37.82,-68.5
37.82,-65.7
37.851,-60.2
37.866,-57.3
37.866,-55.6
37.898,-49.4
37.913,-43.1
37.913,-39.9
37.944,-34.7
37.96,-31.2
37.976,-24.5
37.976,-24.5
37.991,-20.9
37.991,-17.2
38.007,-11.9
38.038,-4.5
38.054,-1.0
38.069,4.4
38.054,2.5
38.069,4.4
38.085,8.1
38.116,18.7
38.132,24.4
38.116,22.3
38.132,24.4
38.148,31.1
38.163,34.4
38.182,38.0
38.19,41.2
38.209,43.0
38.21,46.1
38.224,49.5
38.235,52.5
38.244,55.5
38.263,58.4
38.264,61.5
38.276,63.0
38.29,65.6
38.296,68.2
38.305,71.0
38.318,73.4
38.329,74.8
38.344,77.0
38.35,79.3
38.359,81.5
38.371,83.5
38.38,85.4
38.392,87.2
38.408,88.3
38.412,89.8
38.425,91.3
38.453,95.2
38.453,95.2
38.463,96.8
38.463,96.8
38.479,97.6
38.494,98.3
38.526,99.6
38.541,100.0
38.557,100.0
38.557,99.8
38.588,99.4
38.588,99.4
38.588,98.9
38.604,98.4
38.635,95.9
38.651,95.3
38.651,95.3
38.651,94.1
38.666,92.8
38.682,91.5
38.682,89.9
38.697,88.3
38.729,83.6
38.744,81.6
38.744,79.4
38.776,74.9
38.776,73.6
38.807,68.5
38.807,68.5
38.807,65.8
38.822,63.1
38.854,58.7
38.869,52.7
38.869,49.7
38.9,43.2
38.916,38.2
38.916,38.2
38.947,31.3
38.947,31.3
38.947,27.9
38.963,24.6
38.994,15.4
38.994,15.4
39.01,12.0
39.01,8.5
39.041,2.7
39.057,-4.3
39.057,-8.0
39.088,-15.1
39.104,-17.0
39.104,-17.0
39.104,-20.7
39.119,-24.3
39.135,-31.0
39.15,-34.5
39.166,-37.9
39.166,-39.7
39.19,-42.9
39.198,-46.2
39.211,-49.4
39.219,-52.4
39.235,-55.4
39.238,-57.0
39.251,-60.1
39.271,-65.6
39.287,-68.2
39.293,-71.0
39.304,-72.3
39.316,-74.7
39.326,-77.0
39.346,-81.5
39.362,-83.4
39.362,-83.4
39.366,-84.5
39.378,-86.4
39.388,-88.2
39.398,-89.8
39.407,-91.3
39.419,-92.7
39.431,-94.0
39.44,-94.7
39.452,-95.8
39.472,-97.6
39.481,-98.3
39.452,-95.8
39.463,-96.8
39.472,-97.6
39.481,-98.3
39.493,-98.7
39.501,-99.2
39.501,-99.2
39.513,-99.6
39.513,-99.8
39.528,-100.0
39.614,-99.0
39.616,-98.4
39.618,-97.7
39.62,-96.8
39.628,-96.3
39.642,-95.2
39.668,-91.4
39.668,-91.4
39.668,-90.0
39.683,-89.0
39.699,-85.5
39.699,-85.5
39.714,-83.7
39.73,-81.6
39.761,-76.0
39.761,-76.0
39.761,-73.5
39.777,-71.1
39.793,-68.5
39.808,-65.9
39.808,-63.0
39.824,-61.5
39.824,-58.6
39.839,-55.7
39.855,-52.6
39.855,-49.6
39.871,-46.5
39.886,-44.6
39.902,-41.5
39.902,-38.1
39.918,-34.8
39.918,-31.4
39.933,-28.0
39.964,-22.6
39.964,-22.6
39.964,-19.0
39.98,-15.5
39.996,-11.9
39.996,-8.4
40.011,-6.3
40.042,4.4
40.042,4.4
40.058,8.1
40.058,11.6
40.074,13.5
40.089,17.2
40.089,20.8
40.105,24.2
40.121,27.6
40.121,30.9
40.136,34.6
40.152,36.4
40.152,39.6
40.167,42.8
40.183,46.3
40.183,46.3
40.183,49.4
40.205,52.4
40.23,60.1
40.23,60.1
40.245,65.5
40.277,69.8
40.277,72.2
40.308,77.0
40.324,81.4
40.324,81.4
40.355,86.5
40.37,88.2
40.37,88.2
40.386,89.8
40.386,91.3
40.402,93.5
40.433,95.7
40.449,97.6
40.449,97.6
40.464,98.0
40.48,98.6
40.48,99.2
40.495,99.6
40.495,99.8
40.511,100.0
40.511,100.0
40.527,100.0
40.527,99.9
40.558,99.4
40.573,99.0
40.573,98.4
40.589,97.2
40.62,95.3
40.636,94.2
40.636,94.2
40.636,92.9
40.652,91.5
40.667,90.6
40.667,89.1
40.683,87.4
40.714,81.6
40.73,80.5
40.745,76.0
40.761,73.6
40.777,68.5
40.777,67.1
40.808,61.6
40.823,58.7
40.823,55.8
40.839,52.9
40.855,49.7
40.855,47.8
40.886,41.6
40.902,34.8
40.902,34.8
40.917,31.4
40.917,29.6
40.933,26.1
40.964,15.6
40.98,12.2
40.995,6.4
41.011,2.9
41.011,2.9
41.011,-0.6
41.026,-4.5
41.042,-8.0
41.042,-9.9
41.058,-13.4
41.089,-24.1
41.089,-24.1
41.12,-33.0
41.12,-33.0
41.136,-36.3
41.136,-39.5
41.151,-42.7
41.167,-46.2
41.167,-49.3
41.195,-51.0
41.202,-53.9
41.214,-57.2
41.228,-60.0
41.236,-62.8
41.246,-64.2
41.258,-67.2
41.264,-69.7
41.264,-72.2
41.279,-74.6
41.295,-79.3
41.31,-80.4
41.326,-82.5
41.342,-84.5
41.342,-84.5
41.342,-86.4
41.357,-88.1
41.357,-89.7
41.373,-90.6
41.388,-92.1
41.42,-95.8
41.42,-96.8
41.42,-96.8
41.435,-97.2
41.451,-98.0
41.482,-99.6
41.482,-99.8
41.513,-100.0
41.513,-100.0
41.513,-99.9
41.529,-99.8
41.529,-99.8
41.545,-99.4
41.545,-99.0
41.576,-98.0
41.576,-97.2
41.592,-96.3
41.623,-92.9
41.638,-92.1
41.654,-90.6
41.67,-87.5
41.67,-87.5
41.67,-85.6
41.685,-83.7
41.701,-82.6
41.717,-80.6
41.717,-78.3
41.748,-73.6
41.748,-73.6
41.748,-71.2
41.763,-69.7
41.763,-67.0
41.779,-64.4
41.795,-61.7
41.81,-58.7
41.81,-55.7
41.826,-54.1
41.857,-44.8
41.873,-41.5
41.888,-34.8
41.904,-33.0
41.904,-29.5
41.904,-29.5
41.92,-26.2
41.935,-22.6
41.935,-19.2
41.951,-15.5
41.966,-13.6
41.998,-2.8
42.013,4.4
42.029,6.4
41.998,-2.8
41.998,0.7
42.013,4.4
42.029,6.4
42.029,9.8
42.045,13.5
42.06,20.6
42.076,24.0
42.091,25.9
42.162,43.0
42.165,44.7
42.168,47.8
42.175,50.9
42.175,50.9
42.189,54.2
42.201,57.1
42.209,59.9
42.221,61.4
42.237,64.5
42.243,67.1
42.25,69.7
42.266,72.1
42.274,74.5
42.302,80.4
42.313,82.4
42.313,82.4
42.313,84.6
42.329,86.4
42.36,90.7
42.376,92.1
42.376,92.1
42.376,93.4
42.392,94.6
42.407,95.8
42.407,96.3
42.423,97.2
42.438,98.0
42.438,98.7
42.454,99.2
42.485,99.9
42.485,99.9
42.501,99.9
42.532,99.4
42.532,99.4
42.532,99.0
42.548,98.7
42.563,97.2
42.579,96.3
42.595,95.3
42.61,94.7
42.626,92.1
42.641,89.2
42.657,87.4
42.657,87.4
42.657,85.7
42.673,84.6
42.704,80.5
42.704,80.5
42.704,78.4
42.72,76.0
42.72,73.7
42.735,72.3
42.751,69.8
42.782,61.6
42.798,58.8
42.813,54.2
42.813,54.2
42.813,51.0
42.829,48.0
42.845,44.9
42.86,41.6
42.86,39.8
42.876,36.4
42.891,33.1
42.891,29.6
42.907,22.7
42.938,17.2
42.954,13.7
42.97,6.6
42.985,3.0
43.001,-2.8
42.985,-0.6
43.001,-2.8
43.001,-6.3
43.048,-17.1
43.048,-17.1
43.048,-20.5
43.063,-22.4
43.095,-32.8
43.11,-36.1
43.126,-41.5
43.141,-44.6
43.141,-47.7
43.157,-50.8
43.173,-57.0
43.196,-58.6
43.209,-61.4
43.217,-64.4
43.237,-69.6
43.253,-72.1
43.258,-73.5
43.27,-76.0
43.28,-78.2
43.291,-80.3
43.303,-82.5
43.311,-84.5
43.326,-86.3
43.354,-90.6
43.363,-91.4
43.379,-94.1
43.394,-95.8
43.41,-97.5
43.425,-98.0
43.441,-99.2
43.441,-99.2
43.457,-99.4
43.457,-99.8
43.488,-100.0
43.503,-99.9
43.519,-99.4
43.535,-98.4
43.55,-98.1
43.55,-98.1
43.55,-97.6
43.566,-96.4
43.582,-94.2
43.613,-91.5
43.613,-91.5
43.613,-90.7
43.628,-89.9
43.644,-86.4
43.675,-82.7
43.675,-81.5
43.707,-77.1
43.722,-72.3
43.738,-68.6
43.738,-67.2
43.738,-67.2
43.753,-65.7
43.769,-61.7
43.769,-60.0
43.785,-55.9
43.8,-54.2
43.8,-52.4
43.816,-48.1
43.832,-46.2
43.863,-35.0
43.863,-33.0
43.894,-26.2
43.894,-26.2
43.894,-24.3
43.91,-19.2
43.941,-12.0
43.957,-8.0
43.957,-3.0
43.988,4.2
43.988,6.2
44.019,13.5
44.035,15.4
44.035,20.4
44.066,27.6
44.066,27.6
44.066,29.4
44.081,31.3
44.113,42.8
44.113,42.8
44.128,44.6
44.128,46.3
44.144,50.9
44.16,52.7
44.16,56.9
44.191,62.7
44.206,64.3
44.212,65.8
44.225,69.5
44.225,69.5
44.232,70.9
44.245,74.6
44.259,75.9
44.265,77.2
44.284,80.3
44.286,81.6
44.297,84.4
44.312,85.5
44.319,88.0
44.33,89.1
44.34,89.9
44.351,92.0
44.372,94.7
44.381,95.3
44.4,97.2
44.414,98.6
44.414,98.6
44.445,99.6
44.445,99.6
44.445,99.7
44.461,99.9
44.492,99.7
44.492,99.7
44.492,99.6
44.508,99.0
44.539,98.3
44.554,96.8
44.554,95.4
44.539,98.3
44.539,97.2
44.554,96.8
44.554,95.4
44.57,94.7
44.586,92.9
44.601,91.4
44.617,89.2
44.633,88.2
44.709,79.3
44.71,76.2
44.711,74.9
44.711,74.9
44.716,71.3
44.724,69.8
44.756,63.0
44.771,57.2
44.787,55.6
44.787,51.2
44.787,51.2
44.803,49.4
44.818,44.9
44.818,43.2
44.834,38.4
44.849,36.6
44.865,29.8
44.881,27.7
44.896,22.8
44.912,18.9
44.928,13.7
44.943,6.5
44.943,6.5
44.943,4.6
44.959,-0.6
44.974,-2.6
44.99,-4.5
44.99,-9.8
45.006,-11.9
45.021,-16.9
45.021,-18.8
45.037,-23.9
45.052,-26.0
45.052,-27.8
45.084,-34.5
45.084,-34.5
45.084,-39.5
45.099,-41.3
45.131,-49.6
45.115,-47.6
45.131,-49.6
45.146,-53.9
45.179,-61.5
45.192,-63.0
45.201,-66.9
45.211,-68.3
45.22,-72.2
45.231,-73.5
45.252,-78.1
45.26,-79.5
45.274,-82.5
45.285,-83.6
45.293,-86.2
45.305,-87.3
45.317,-88.3
45.326,-90.6
45.338,-91.4
45.347,-93.4
45.367,-95.7
45.383,-96.2
45.388,-96.8
45.4,-98.0
45.4,-98.0
45.409,-98.4
45.422,-99.1
45.453,-99.9
45.463,-100.0
45.462,-100.0
45.463,-100.0
45.479,-99.8
45.494,-99.4
45.494,-99.2
45.51,-99.0
45.541,-96.4
45.557,-94.2
45.557,-94.2
45.588,-92.8
45.588,-92.8
45.588,-90.8
45.604,-89.8
45.619,-87.5
45.619,-86.5
45.635,-85.5
45.666,-78.4
45.682,-77.2
45.682,-73.8
45.713,-71.0
45.728,-65.7
45.744,-61.7
45.76,-58.6
45.744,-60.1
45.76,-58.6
45.775,-54.2
45.807,-46.4
45.807,-46.4
45.807,-41.6
45.822,-39.7
45.853,-31.2
45.853,-31.2
45.869,-24.3
45.9,-17.4
45.9,-17.4
45.9,-15.3
45.916,-10.1
45.932,-3.1
45.932,-3.1
45.947,-1.0
45.963,0.9
45.994,13.3
45.994,15.2
46.025,22.3
46.041,29.2
46.057,31.3
46.057,31.3
46.057,36.0
46.072,38.0
46.088,44.4
46.088,44.4
46.103,46.3
46.119,50.9
46.119,52.5
46.135,56.8
46.15,58.5
46.15,58.5
46.166,60.2
46.166,64.2
46.194,69.5
46.207,71.0
46.227,75.8
46.243,77.2
46.248,80.4
46.261,81.5
46.268,84.4
46.28,85.4
46.301,89.0
46.317,89.8
46.322,92.0
46.334,92.8
46.334,92.8
46.342,93.5
46.354,95.2
46.366,95.8
46.375,97.2
46.39,97.6
46.396,98.6
46.409,98.9
46.42,99.2
46.428,99.7
46.436,99.8
46.452,100.0
46.461,100.0
46.469,99.8
46.505,98.7
46.511,98.3
46.528,96.8
46.528,96.8
46.528,96.3
46.544,94.7
46.559,94.1
46.575,92.2
46.575,91.5
46.591,88.3
46.591,88.3
46.606,87.3
46.622,84.8
46.638,83.5
46.638,80.6
46.653,79.4
46.684,73.4
46.684,73.4
46.684,69.9
46.7,68.5
46.731,63.0
46.747,57.4
46.763,55.6
46.778,49.5
46.778,47.8
46.809,41.4
46.825,36.6
46.825,34.8
46.856,27.9
46.872,21.0
46.856,25.9
46.872,21.0
46.872,18.9
46.919,6.7
46.934,2.7
46.95,-2.4
46.95,-2.4
46.95,-4.5
46.966,-9.8
46.997,-18.8
46.981,-13.6
46.997,-18.8
47.012,-20.9
47.044,-32.5
47.044,-34.7
47.075,-41.1
47.091,-47.6
47.091,-47.6
47.106,-51.1
47.106,-49.4
47.106,-51.1
47.122,-55.4
47.137,-57.2
47.153,-62.9
47.169,-66.8
47.169,-68.3
47.24,-74.7
47.249,-78.1
47.253,-82.4
47.255,-83.4
47.268,-84.6
47.268,-84.6
47.276,-87.3
47.283,-88.2
47.314,-92.2
47.314,-92.2
47.329,-94.0
47.329,-94.7
47.361,-96.8
47.376,-98.3
47.376,-98.7
47.408,-99.6
47.423,-99.9
47.439,-99.9
47.454,-99.9
47.454,-99.9
47.454,-99.7
47.47,-99.2
47.486,-98.1
47.501,-97.7
47.517,-97.2
47.532,-95.8
47.532,-95.8
47.532,-95.2
47.548,-93.6
47.579,-89.9
47.595,-86.6
47.595,-86.6
47.611,-82.7
47.626,-81.6
47.642,-80.4
47.642,-77.2
47.657,-75.8
47.673,-72.4
47.673,-71.1
47.704,-65.7
47.72,-60.3
47.736,-58.7
47.751,-54.2
47.767,-51.0
47.782,-44.5
47.798,-39.9
47.798,-39.9
47.798,-38.1
47.814,-33.4
47.814,-33.4
47.829,-31.4
47.845,-29.3
47.861,-17.4
47.892,-10.3
47.907,-8.4
47.907,-8.4
47.907,-6.3
47.923,-1.0
47.954,8.1
47.954,8.1
47.954,10.0
47.97,15.2
47.985,17.2
48.001,22.3
48.001,24.2
48.032,31.1
48.048,37.8
48.048,39.6
48.079,46.3
48.095,48.0
48.11,54.2
48.126,58.5
48.126,58.5
48.126,60.1
48.142,64.0
48.157,65.7
48.157,67.2
48.173,70.9
48.189,72.3
48.173,70.9
48.189,72.3
48.202,75.8
48.211,77.2
48.251,85.5
48.263,86.5
48.279,89.8
48.295,90.8
48.31,93.5
48.31,95.2
48.342,97.2
48.357,97.6
48.373,98.9
48.388,99.2
48.404,99.8
48.404,99.9
48.404,99.9
48.42,100.0
48.435,99.9
48.451,99.6
48.451,99.4
48.467,98.7
48.482,98.0
48.513,96.3
48.529,94.2
48.529,94.2
48.545,91.4
48.576,88.3
48.592,84.8
48.592,84.8
48.607,83.6
48.607,82.5
48.638,78.2
48.654,73.6
48.654,73.6
48.67,70.1
48.67,68.5
48.685,67.0
48.716,57.4
48.732,55.6
48.732,54.0
48.748,49.7
48.763,47.8
48.763,43.3
48.779,41.4
48.81,32.9
48.81,32.9
48.841,26.1
48.857,19.0
48.857,13.9
48.888,10.0
48.888,10.0
48.888,4.8
48.904,2.9
48.92,-2.4
48.935,-4.3
48.935,-6.5
48.966,-13.6
48.982,-20.7
48.998,-27.5
48.982,-25.6
48.998,-27.5
49.013,-29.5
49.045,-41.0
49.029,-36.3
49.045,-41.0
49.06,-42.9
49.06,-44.8
49.076,-49.3
49.076,-51.0
49.123,-61.2
49.123,-61.2
49.123,-62.8
49.138,-64.4
49.138,-64.4
49.154,-68.3
49.154,-69.7
49.185,-74.7
49.197,-78.1
49.21,-79.3
49.21,-79.3
49.22,-80.4
49.231,-83.4
49.231,-83.4
49.242,-84.6
49.251,-87.2
49.26,-88.1
49.305,-94.0
49.314,-96.2
49.314,-96.2
49.345,-97.2
49.361,-98.7
49.361,-99.4
49.361,-99.4
49.376,-99.6
49.392,-99.7
49.423,-99.9
49.439,-99.8
49.454,-99.0
49.454,-99.0
49.47,-98.7
49.47,-97.7
49.501,-95.3
49.517,-94.7
49.517,-94.7
49.532,-92.9
49.532,-92.1
49.564,-89.1
49.579,-85.5
49.595,-84.5
49.61,-80.6
49.61,-80.6
49.642,-72.6
49.626,-76.0
49.642,-72.6
49.657,-71.2
49.642,-72.6
49.657,-71.2
49.657,-69.6
49.673,-65.9
49.689,-64.4
49.689,-60.4
49.735,-51.1
49.782,-46.4
49.798,-44.6
49.798,-40.0
49.815,-29.5
49.815,-29.5
49.842,-24.6
49.843,-22.6
49.843,-17.4
49.843,-15.5
49.859,-13.6
49.89,-1.2
49.89,-6.2
49.89,-1.2
49.906,0.7
49.921,2.9
49.921,7.9
49.937,10.0
49.937,15.1
49.952,17.2
49.968,22.1
49.984,24.2
49.984,26.1
49.999,31.1
50.015,37.8
50.031,39.6
50.031,41.6
50.046,46.1
50.062,47.8
50.077,52.4
50.077,54.2
50.093,58.4
50.109,59.9
50.109,61.6
50.14,67.1
50.14,67.1
50.14,70.8
50.156,72.3
50.171,73.6
50.171,77.0
50.187,78.3
50.187,78.3
50.202,81.4
50.202,82.5
50.234,86.4
50.248,87.4
50.248,87.4
50.259,89.8
50.266,90.7
50.286,93.4
50.302,95.2
50.302,95.2
50.308,95.8
50.319,96.3
50.332,97.6
50.34,98.0
50.354,98.9
50.379,99.8
50.379,99.8
50.379,99.9
50.395,100.0
50.426,99.6
50.441,99.2
50.441,98.4
50.473,96.8
50.488,95.8
50.504,94.2
50.52,93.4
50.535,90.7
50.535,90.7
50.535,88.4
50.551,87.3
50.582,83.7
50.598,79.4
50.613,78.2
50.629,73.7
50.629,72.2
50.66,67.1
50.676,63.3
50.676,61.8
50.691,59.9
50.707,55.8
50.707,54.2
50.723,47.8
50.754,41.6
50.754,41.6
50.785,32.9
50.801,28.1
50.801,26.2
50.832,19.0
50.832,17.1
50.863,10.0
50.879,2.8
50.894,0.9
50.894,-4.3
50.894,-4.3
50.91,-6.3
50.926,-11.5
50.957,-20.5
50.973,-27.5
50.957,-22.6
50.973,-27.5
50.988,-29.5
51.019,-38.1
51.035,-44.6
51.035,-44.6
51.051,-51.0
51.082,-57.0
51.082,-58.6
51.082,-58.6
51.098,-62.8
51.113,-64.4
51.113,-68.2
51.129,-69.6
51.144,-71.1
51.16,-76.0
51.186,-79.2
51.193,-80.4
51.2,-83.5
51.215,-84.5
51.233,-88.1
51.245,-89.1
51.254,-91.3
51.262,-92.1
51.286,-94.7
51.294,-95.3
51.307,-96.7
51.315,-97.2
51.329,-98.3
51.336,-98.7
51.329,-98.3
51.336,-98.7
51.348,-99.0
51.36,-99.6
51.401,-99.9
51.389,-100.0
51.401,-99.9
51.409,-99.8
51.444,-97.7
51.444,-97.7
51.475,-96.8
51.475,-96.8
51.475,-95.4
51.491,-94.7
51.522,-90.0
51.522,-90.0
51.522,-89.1
51.538,-88.1
51.569,-84.6
51.585,-80.4
51.585,-80.4
51.585,-77.3
51.6,-76.1
51.632,-69.7
51.632,-69.7
51.663,-64.5
51.678,-58.7
51.694,-57.2
51.694,-57.2
51.694,-52.9
51.71,-50.9
51.71,-46.5
51.725,-44.8
51.741,-43.1
51.757,-38.1
51.757,-36.3
51.772,-31.5
51.803,-22.6
51.819,-20.7
51.835,-13.6
51.85,-8.4
51.85,-8.4
51.85,-6.4
51.866,-4.5
51.882,2.9
51.913,9.8
51.928,17.0
51.944,19.1
51.944,24.0
51.944,24.0
51.96,25.9
51.975,30.9
52.007,39.5
52.022,46.0
52.022,46.0
52.053,54.0
52.069,55.6
52.085,61.5
52.1,65.5
52.1,65.5
52.1,67.0
52.116,68.5
52.131,72.1
52.131,73.6
52.163,78.3
52.163,81.3
52.189,82.5
52.196,83.6
52.213,86.4
52.22,87.3
52.229,89.8
52.244,90.6
52.324,97.6
52.326,98.0
52.328,98.4
52.35,99.2
52.358,99.4
52.36,99.8
52.377,100.0
52.389,99.9
52.397,99.8
52.409,99.4
52.437,98.0
52.45,97.6
52.458,96.4
52.479,94.1
52.495,91.6
52.495,91.6
52.51,90.8
52.51,89.8
52.542,86.5
52.542,83.8
52.542,83.8
52.557,82.6
52.573,81.4
52.573,78.4
52.588,77.2
52.604,73.7
52.604,72.2
52.62,68.7
52.635,67.2
52.666,60.1
52.682,54.3
52.698,49.7
52.698,48.0
52.713,46.3
52.729,41.7
52.745,39.6
52.76,33.1
52.776,26.2
52.791,24.2
52.791,19.2
52.791,19.2
52.807,17.3
52.823,12.1
52.854,3.0
52.854,0.9
52.885,-6.3
52.885,-8.2
52.916,-15.3
52.932,-20.5
52.948,-27.5
52.932,-22.4
52.948,-27.5
52.948,-29.3
52.995,-42.7
53.01,-44.6
53.026,-46.4
53.041,-52.6
53.041,-56.8
53.073,-62.8
53.088,-64.3
53.104,-69.6
53.12,-71.0
53.12,-71.0
53.12,-74.6
53.135,-75.8
53.151,-79.2
53.151,-80.3
53.182,-84.4
53.199,-85.5
53.199,-85.5
53.204,-88.0
53.216,-89.0
53.236,-92.1
53.252,-92.8
53.261,-94.6
53.27,-95.2
53.278,-96.7
53.291,-97.2
53.311,-98.6
53.32,-99.0
53.331,-99.6
53.343,-99.7
53.364,-100.0
53.372,-100.0
53.384,-99.8
53.393,-99.6
53.393,-99.6
53.405,-99.0
53.417,-98.7
53.437,-97.3
53.445,-96.8
53.445,-96.8
53.458,-95.4
53.465,-94.7
53.478,-92.9
53.486,-92.2
53.502,-91.4
53.528,-85.7
53.528,-85.7
53.528,-84.6
53.544,-83.4
53.559,-80.6
53.559,-79.4
53.575,-76.1
53.59,-74.7
53.59,-71.2
53.606,-69.8
53.622,-64.4
53.622,-64.4
53.637,-62.9
53.653,-58.9
53.684,-51.1
53.7,-49.4
53.715,-42.9
53.7,-45.0
53.715,-42.9
53.715,-38.3
53.747,-34.6
53.747,-29.7
53.762,-27.6
53.794,-20.9
53.809,-13.6
53.809,-11.7
53.84,-4.7
53.84,-4.7
53.84,0.8
53.856,2.7
53.856,2.7
53.872,4.6
53.887,9.7
53.903,18.9
53.934,25.9
53.934,27.9
53.965,34.6
53.981,39.5
53.997,43.2
53.981,41.4
53.997,43.2
53.997,47.7
54.028,54.0
54.043,55.6
54.043,59.8
54.075,63.0
54.09,68.4
54.075,67.0
54.09,68.4
54.106,72.1
54.122,76.9
54.137,78.2
54.137,79.5
54.153,82.4
54.168,83.6
54.168,86.3
54.184,87.3
54.211,88.3
54.213,90.6
54.213,90.6
54.23,91.4
54.232,93.4
54.244,94.1
54.252,95.7
54.27,96.3
54.285,98.0
54.301,98.3
54.306,99.2
54.318,99.4
54.318,99.4
54.327,99.6
54.338,99.9
54.359,99.9
54.374,99.8
54.392,99.2
54.4,98.9
54.412,98.0
54.42,97.6
54.434,96.4
54.445,95.8
54.466,93.5
54.474,92.8
54.486,90.8
54.494,89.8
54.494,89.8
54.508,87.5
54.515,86.6
54.547,81.5
54.562,77.2
54.578,73.7
54.578,72.4
54.594,67.2
54.594,67.2
54.609,65.6
54.625,61.7
54.641,58.6
54.672,52.5
54.672,52.5
54.672,48.2
54.687,46.4
54.703,41.6
54.703,39.8
54.719,38.0
54.672,48.2
54.687,46.4
54.703,41.6
54.703,39.8
54.719,38.0
54.734,33.3
54.734,31.1
54.75,26.2
54.851,3.0
54.852,0.9
54.853,-1.0
54.853,-1.0
54.866,-6.1
54.866,-8.2
54.897,-20.3
54.913,-22.2
54.928,-29.4
54.944,-31.2
54.96,-37.9
54.975,-39.9
54.991,-46.2
54.991,-46.2
55.007,-50.8
55.007,-52.6
55.038,-58.4
55.053,-64.1
55.069,-65.7
55.085,-71.0
55.1,-72.3
55.1,-75.9
55.1,-75.9
55.116,-77.1
55.131,-80.3
55.131,-80.3
55.131,-81.5
55.147,-84.4
55.178,-86.5
55.186,-88.9
55.205,-89.9
55.234,-94.6
55.239,-95.2
55.254,-95.8
55.276,-97.2
55.309,-99.2
55.31,-99.7
55.31,-99.7
55.326,-99.9
55.326,-100.0
55.326,-100.0
55.341,-100.0
55.341,-99.8
55.388,-98.4
55.388,-98.4
55.419,-96.8
55.435,-94.8
55.435,-94.1
55.435,-94.1
55.451,-92.2
55.466,-91.4
55.466,-89.2
55.482,-88.3
55.498,-87.3
55.513,-84.6
55.513,-83.6
55.529,-80.7
55.56,-74.8
55.576,-73.5
55.576,-73.5
55.576,-69.8
55.591,-68.4
55.622,-61.4
55.622,-61.4
55.638,-57.3
55.638,-55.5
55.654,-51.3
55.669,-49.6
55.669,-45.0
55.701,-41.3
55.701,-36.6
55.732,-29.7
55.732,-29.7
55.732,-27.8
55.747,-26.0
55.763,-20.8
55.794,-11.8
55.81,-4.5
55.826,-2.6
55.841,4.4
55.841,4.4
55.872,16.8
55.872,16.8
55.888,21.0
55.888,21.0
55.904,25.9
55.919,27.8
55.919,32.6
55.935,34.6
55.951,36.6
55.982,47.7
55.997,49.5
56.013,55.5
56.029,61.5
56.044,63.0
56.044,63.0
56.044,66.8
56.06,68.4
56.091,73.5
56.091,73.5
56.091,74.8
56.107,78.2
56.122,79.3
56.122,82.4
56.138,83.5
56.154,84.6
56.154,87.2
56.169,88.3
56.186,90.5
56.194,91.3
56.215,94.1
56.231,94.7
56.231,94.7
56.236,96.2
56.247,96.8
56.28,98.7
56.288,99.4
56.314,99.9
56.319,100.0
56.319,99.9
56.319,99.9
56.335,99.9
56.35,99.7
56.381,98.1
56.397,97.2
56.397,97.2
56.413,95.8
56.413,95.3
56.444,92.8
56.46,89.9
56.475,89.1
56.475,89.1
56.475,86.6
56.491,85.5
56.522,81.6
56.522,81.6
56.522,78.5
56.538,77.1
56.569,71.0
56.585,67.2
56.6,64.3
56.585,65.8
56.6,64.3
56.616,60.2
56.631,52.7
56.663,46.3
56.663,46.3
56.663,44.5
56.678,40.0
56.71,33.1
56.71,33.1
56.71,31.2
56.725,29.4
56.725,24.5
56.741,22.3
56.756,17.3
56.772,15.4
56.772,10.4
56.788,8.5
56.819,-0.8
56.819,1.1
56.819,-0.8
56.819,-5.9
56.866,-15.2
56.881,-22.2
56.897,-24.3
56.913,-31.0
56.913,-33.0
56.944,-39.7
56.959,-44.3
56.959,-44.3
56.959,-46.2
56.975,-50.8
56.991,-52.5
56.991,-54.1
57.006,-58.4
57.038,-65.6
57.038,-65.6
57.053,-70.8
57.084,-75.7
57.084,-77.1
57.084,-77.1
57.1,-80.2
57.116,-81.5
57.131,-85.4
57.147,-86.4
57.147,-89.0
57.163,-89.8
57.19,-92.7
57.201,-93.5
57.214,-95.2
57.222,-95.8
57.235,-97.1
57.242,-97.6
57.255,-98.0
57.263,-98.9
57.277,-99.2
57.299,-99.7
57.302,-99.8
57.315,-100.0
57.349,-99.4
57.361,-98.7
57.379,-98.0
57.394,-96.3
57.41,-94.8
57.425,-92.3
57.425,-92.3
57.441,-91.4
57.441,-90.6
57.472,-87.4
57.488,-83.6
57.488,-83.6
57.504,-79.5
57.535,-74.9
57.535,-73.5
57.566,-68.4
57.566,-67.0
57.597,-61.5
57.613,-55.7
57.613,-55.7
57.644,-49.6
57.66,-43.2
57.66,-41.5
57.66,-41.5
57.675,-36.6
57.691,-34.6
57.722,-26.0
57.722,-26.0
57.738,-20.8
57.738,-19.0
57.753,-14.0
57.753,-11.8
57.769,-9.7
57.769,-9.7
57.785,-4.7
57.8,-2.8
57.8,2.3
57.816,4.6
57.832,9.7
57.847,13.5
57.847,18.9
57.863,20.8
57.894,27.6
57.91,34.6
57.91,34.6
57.925,36.4
57.925,41.1
57.941,47.7
57.972,51.0
57.988,55.3
58.003,61.3
58.019,62.8
58.019,64.3
58.019,64.3
58.035,68.4
58.05,69.8
58.082,78.0
58.097,80.5
58.097,80.5
58.113,84.6
58.128,87.2
58.144,88.2
58.16,91.3
58.177,92.2
58.189,94.0
58.197,94.7
58.21,96.2
58.223,96.8
58.231,97.2
58.242,98.3
58.255,98.7
58.263,99.4
58.271,99.6
58.284,99.7
58.292,100.0
58.311,100.0
58.326,99.7
58.342,99.2
58.342,99.2
58.346,99.0
58.358,98.6
58.386,95.9
58.397,95.3
58.414,92.8
58.429,92.1
58.445,89.1
58.445,86.6
58.476,84.5
58.476,84.5
58.492,81.6
58.492,80.4
58.523,76.0
58.539,71.0
58.539,69.6
58.57,64.3
58.585,60.4
58.601,57.1
58.617,52.7
58.617,52.7
58.617,51.0
58.632,46.4
58.663,38.2
58.663,38.2
58.695,29.6
58.695,29.6
58.71,22.5
58.742,15.6
58.757,8.3
58.773,6.3
58.773,6.3
58.773,1.3
58.788,-0.6
58.804,-3.0
58.804,-8.0
58.82,-10.0
58.851,-22.2
58.851,-22.2
58.867,-24.1
58.882,-26.0
58.882,-31.0
58.898,-37.8
58.929,-41.5
58.929,-41.5
58.929,-46.2
58.945,-47.9
58.96,-52.3
58.96,-54.1
58.976,-58.4
59.007,-61.5
59.023,-67.0
59.038,-72.2
59.054,-75.7
59.07,-77.0
59.085,-81.4
59.101,-82.6
59.101,-85.3
59.117,-86.4
59.117,-87.4
59.117,-87.4
59.132,-89.7
59.148,-90.6
59.163,-92.7
59.163,-93.4
59.189,-95.1
59.197,-95.8
59.218,-97.6
59.226,-98.0
59.226,-98.0
59.238,-98.9
59.246,-99.2
59.27,-99.8
59.278,-99.9
59.292,-100.0
59.299,-99.9
59.32,-99.6
59.327,-99.4
59.332,-99.2
59.349,-98.4
59.352,-98.0
59.365,-96.8
59.376,-96.3
59.385,-94.8
59.393,-94.2
59.416,-91.5
59.426,-90.6
59.447,-87.4
59.463,-83.6
59.479,-82.6
59.494,-78.3
59.51,-74.9
59.526,-72.2
59.526,-72.2
59.541,-68.6
59.541,-67.0
59.557,-63.2
59.572,-61.5
59.572,-60.0
59.604,-54.1
59.619,-47.9
59.635,-43.4
59.635,-43.4
59.635,-41.5
59.651,-39.5
59.682,-28.0
59.666,-33.0
59.682,-28.0
59.697,-26.0
59.729,-17.0
59.744,-9.9
59.76,-4.9
59.76,-4.9
59.76,-2.9
59.775,-0.8
59.791,4.4
59.791,6.4
59.807,11.4
59.822,13.3
59.822,18.7
59.838,20.6
59.854,22.5
59.854,27.4
59.869,29.6
59.885,34.4
59.885,36.2
59.9,38.0
59.916,44.7
59.916,44.7
59.932,49.2
59.947,50.9
59.979,58.7
59.979,62.7
59.979,62.7
59.994,64.5
60.01,68.3
60.025,71.0
60.041,74.6
60.057,76.0
60.057,76.0
60.057,79.2
60.072,80.4
60.088,83.4
60.088,84.6
60.104,85.6
60.135,91.3
60.135,91.3
60.15,92.1
60.166,94.7
60.166,95.3
60.204,97.2
60.215,98.3
60.224,98.7
60.233,99.0
60.246,99.6
60.253,99.7
60.27,100.0
60.274,100.0
60.286,99.9
60.3,99.7
60.308,99.6
60.32,99.0
60.334,98.7
60.341,97.7
60.348,97.2
60.368,95.9
60.372,95.3
60.394,92.9
60.403,92.1
60.415,90.0
60.434,88.2
60.446,85.7
60.446,85.7
60.455,84.5
60.473,81.7
60.502,76.0
60.513,71.2
60.528,69.8
60.528,65.9
60.528,65.9
60.544,64.4
60.56,62.8
60.56,58.8
60.575,57.1
60.575,52.8
60.622,44.9
60.638,38.2
60.653,36.4
60.669,29.6
60.669,24.5
60.669,24.5
60.685,22.6
60.7,20.8
60.731,8.5
60.747,6.5
60.763,-0.8
60.763,-2.8
60.763,-2.8
60.778,-7.8
60.794,-9.8
60.81,-15.0
60.81,-17.1
60.825,-19.0
60.841,-26.0
60.856,-31.0
60.872,-32.9
60.888,-39.6
60.888,-39.6
60.919,-47.8
60.934,-52.1
60.95,-55.7
60.934,-54.0
60.95,-55.7
60.966,-59.9
60.966,-61.4
60.981,-65.5
60.997,-67.0
61.028,-73.5
61.028,-77.0
61.059,-81.3
61.075,-83.7
61.075,-83.7
61.091,-87.3
61.091,-87.3
61.106,-89.7
61.122,-90.6
61.138,-93.4
61.153,-94.1
61.153,-95.8
61.169,-96.3
61.2,-98.0
61.214,-99.2
61.229,-99.4
61.229,-99.4
61.229,-99.8
61.245,-99.9
61.276,-99.8
61.292,-99.4
61.276,-99.8
61.292,-99.4
61.292,-99.2
61.339,-96.3
61.339,-96.3
61.354,-94.2
61.386,-91.5
61.386,-90.7
61.417,-87.5
61.417,-87.5
61.417,-86.4
61.432,-83.8
61.448,-82.6
61.448,-79.6
61.464,-78.3
61.495,-73.6
61.51,-68.6
61.526,-65.6
61.51,-67.2
61.526,-65.6
61.542,-61.7
61.542,-60.1
61.557,-55.8
61.573,-54.2
61.589,-49.8
61.589,-48.1
61.604,-46.2
61.635,-35.0
61.651,-31.2
61.651,-33.0
61.651,-31.2
61.667,-26.1
61.698,-17.2
61.682,-19.1
61.698,-17.2
61.698,-12.0
61.729,-8.2
61.745,-2.9
61.745,-0.8
61.776,6.2
61.792,13.5
61.792,13.5
61.792,15.4
61.807,20.4
61.839,27.6
61.854,31.3
61.87,36.0
61.87,36.0
61.87,38.2
61.885,42.8
61.917,51.1
61.917,51.1
61.932,52.7
61.932,56.9
61.964,62.7
61.979,65.8
61.979,65.8
61.995,69.5
61.995,71.0
62.01,74.6
62.026,75.9
62.042,79.1
62.057,81.6
62.073,85.5
62.073,85.5
62.088,88.1
62.088,89.1
62.104,91.3
62.12,92.0
62.135,92.8
62.135,94.7
62.151,95.3
62.167,97.2
62.189,97.6
62.196,98.6
62.208,98.9
62.216,99.6
62.228,99.7
62.228,99.7
62.241,100.0
62.249,100.0
62.262,100.0
62.264,99.8
62.279,99.6
62.295,98.7
62.295,98.3
62.311,97.2
62.326,96.8
62.342,95.4
62.342,94.7
62.342,94.7
62.357,93.0
62.373,92.2
62.373,91.4
62.389,89.1
62.404,88.2
62.436,81.7
62.436,81.7
62.436,80.6
62.451,79.3
62.467,76.1
62.467,74.7
62.482,71.3
62.498,69.8
62.498,68.4
62.514,64.4
62.529,63.0
62.529,59.0
62.545,57.2
62.561,52.8
62.561,51.2
62.576,49.5
62.592,44.9
62.592,43.0
62.607,38.3
62.623,34.6
62.639,29.6
62.654,27.7
62.654,22.8
62.654,22.8
62.67,20.9
62.686,15.6
62.717,6.7
62.732,4.4
62.732,4.4
62.732,-0.7
62.748,-2.6
62.779,-11.9
62.779,-11.9
62.779,-16.9
62.795,-18.8
62.81,-23.7
62.826,-26.0
62.826,-27.9
62.826,-27.9
62.842,-32.7
62.842,-34.5
62.873,-41.3
62.873,-45.9
62.889,-47.6
62.904,-49.6
62.92,-54.0
62.92,-55.6
62.935,-59.7
62.935,-61.6
62.951,-63.1
62.967,-66.9
62.982,-68.3
62.982,-72.1
63.014,-76.9
63.029,-78.1
63.029,-79.4
63.045,-82.5
63.045,-82.5
63.045,-83.6
63.06,-86.2
63.076,-87.3
63.076,-89.7
63.092,-90.6
63.123,-94.1
63.139,-95.7
63.139,-96.2
63.154,-96.8
63.17,-98.4
63.193,-99.2
63.203,-99.4
63.215,-99.8
63.236,-100.0
63.244,-99.9
63.244,-99.9
63.257,-99.8
63.264,-99.4
63.289,-98.9
63.305,-98.0
63.309,-97.6
63.313,-96.4
63.329,-95.8
63.329,-94.2
63.344,-93.5
63.344,-92.8
63.36,-90.8
63.391,-86.5
63.407,-85.5
63.423,-82.7
63.423,-82.7
63.423,-81.5
63.438,-78.4
63.438,-77.2
63.454,-73.8
63.469,-72.3
63.485,-71.0
63.485,-67.3
63.501,-65.7
63.516,-60.1
63.532,-56.0
63.548,-54.2
63.548,-52.6
63.579,-46.4
63.579,-46.4
63.579,-41.6
63.594,-39.9
63.61,-37.9
63.61,-33.2
63.626,-31.2
63.641,-26.3
63.641,-24.2
63.657,-19.3
63.688,-10.1
63.688,-10.1
63.704,-2.9
63.735,0.9
63.751,8.3
63.766,13.4
63.766,13.4
63.766,15.3
63.782,20.2
63.797,22.5
63.813,24.4
63.813,29.3
63.829,31.1
63.829,36.2
63.844,38.0
63.86,42.7
63.876,44.4
63.876,46.5
63.907,56.8
63.922,58.5
63.907,56.8
63.922,58.5
63.922,60.2
63.954,65.7
63.969,69.4
63.969,71.0
64.001,75.8
64.001,75.8
64.001,77.0
64.016,80.4
64.047,85.4
64.063,88.1
64.079,89.9
64.079,89.9
64.094,92.0
64.094,92.8
64.094,92.8
64.11,94.6
64.11,95.2
64.141,97.2
64.157,97.6
64.157,98.6
64.172,98.9
64.198,99.2
64.2,99.7
64.211,99.8
64.224,100.0
64.224,100.0
64.231,100.0
64.251,99.8
64.264,99.4
64.273,98.7
64.286,98.3
64.286,98.3
64.297,97.3
64.306,96.8
64.32,95.4
64.359,91.4
64.359,91.4
64.364,89.2
64.379,88.2
64.379,87.3
64.41,83.6
64.426,79.4
64.426,79.4
64.426,76.1
64.442,74.9
64.473,68.4
64.473,69.9
64.473,68.4
64.489,64.6
64.504,63.0
64.504,61.4
64.52,57.2
64.52,55.6
64.535,51.3
64.551,49.5
64.567,43.1
64.582,41.4
64.598,36.5
64.598,34.7
64.629,27.9
64.645,20.9
64.66,18.8
64.676,11.9
64.676,11.9
64.692,6.7
64.692,4.6
64.723,-2.4
64.723,-4.4
64.738,-9.8
64.754,-11.7
64.77,-16.7
64.77,-16.7
64.77,-18.6
64.785,-20.9
64.785,-25.8
64.801,-27.7
64.817,-32.5
64.832,-36.5
64.848,-41.2
64.848,-42.9
64.848,-42.9
64.863,-47.8
64.879,-49.5
64.895,-55.4
64.91,-57.2
64.91,-61.4
64.91,-61.4
64.926,-62.9
64.942,-66.8
64.973,-73.4
64.957,-72.1
64.973,-73.4
64.973,-74.7
65.02,-83.5
65.02,-83.5
65.035,-84.6
65.051,-87.3
65.051,-87.3
65.051,-88.2
65.066,-90.5
65.098,-94.1
65.098,-94.1
65.098,-94.7
65.113,-96.3
65.129,-96.8
65.145,-98.0
65.16,-98.7
65.16,-99.4
65.16,-99.4
65.186,-99.6
65.198,-99.9
65.219,-99.9
65.227,-99.9
65.227,-99.9
65.24,-99.7
65.248,-99.2
65.272,-98.1
65.28,-97.7
65.292,-97.2
65.3,-95.9
65.315,-95.2
65.315,-95.2
65.321,-93.6
65.333,-92.9
65.341,-90.8
65.341,-90.8
65.354,-89.9
65.375,-89.0
65.4,-82.7
65.4,-82.7
65.407,-81.6
65.413,-78.5
65.429,-75.8
65.444,-72.4
65.46,-71.1
65.46,-67.3
65.476,-65.7
65.476,-64.2
65.507,-58.6
65.507,-58.6
65.523,-54.4
65.523,-52.6
65.538,-48.2
65.554,-46.3
65.554,-44.6
65.569,-39.9
65.569,-38.1
65.585,-33.2
65.601,-31.3
65.616,-26.3
65.616,-24.4
65.648,-17.4
65.663,-10.3
65.648,-15.3
65.663,-10.3
65.663,-8.2
65.694,-1.2
65.71,1.0
65.71,6.2
65.741,13.2
65.757,17.4
65.741,15.1
65.757,17.4
65.757,22.3
65.804,31.1
65.804,31.1
65.804,33.1
65.819,37.9
65.835,39.6
65.835,44.4
65.851,46.3
65.882,54.2
65.898,58.5
65.913,64.1
65.913,64.1
65.929,65.5
65.929,69.5
65.944,70.9
65.976,77.2
65.991,80.3
66.007,82.5
66.007,82.5
66.022,85.5
66.022,86.5
66.054,89.8
66.069,92.8
66.085,93.5
66.085,95.2
66.116,97.2
66.132,97.6
66.132,97.6
66.132,98.0
66.147,98.9
66.163,99.7
66.181,99.8
66.181,99.8
66.194,100.0
66.211,100.0
66.214,99.9
66.226,99.6
66.239,99.4
66.247,98.7
66.255,98.4
66.268,98.0
66.276,96.8
66.288,96.3
66.3,94.8
66.309,94.1
66.323,92.2
66.342,90.6
66.351,88.3
66.364,87.3
66.383,83.6
66.396,80.7
66.396,80.7
66.403,79.6
66.415,78.2
66.444,70.0
66.444,70.0
66.456,68.5
66.463,66.9
66.494,57.4
66.494,57.4
66.509,55.8
66.509,51.3
66.525,47.8
66.556,41.4
66.572,34.7
66.556,36.7
66.572,34.7
66.588,32.9
66.619,20.9
66.619,20.9
66.619,19.0
66.634,14.0
66.65,11.9
66.65,9.8
66.666,4.8
66.697,-2.4
66.697,-2.4
66.697,-4.5
66.712,-9.6
66.712,-11.5
66.728,-13.4
66.744,-18.8
66.775,-27.5
66.791,-29.7
66.791,-29.7
66.791,-34.5
66.806,-36.3
66.822,-41.0
66.822,-43.1
66.837,-47.6
66.853,-49.3
66.853,-51.0
66.869,-55.6
66.9,-62.8
66.916,-66.9
66.931,-69.7
66.947,-73.3
66.962,-78.1
66.978,-79.3
66.978,-79.3
66.978,-80.5
66.994,-83.4
67.009,-84.6
67.009,-87.2
67.025,-88.1
67.056,-92.2
67.041,-91.4
67.056,-92.2
67.072,-94.0
67.103,-96.8
67.103,-96.8
67.103,-97.2
67.119,-98.3
67.134,-98.7
67.134,-99.4
67.15,-99.6
67.181,-100.0
67.195,-100.0
67.203,-99.9
67.203,-99.9
67.21,-99.8
67.228,-99.2
67.242,-98.6
67.258,-97.7
67.263,-97.2
67.275,-95.9
67.286,-95.3
67.295,-93.6
67.304,-92.8
67.316,-92.0
67.329,-90.0
67.337,-89.1
67.316,-92.0
67.329,-90.0
67.337,-89.1
67.349,-86.5
67.358,-85.5
67.37,-82.8
67.378,-81.7
67.466,-71.1
67.467,-69.6
67.467,-69.6
67.469,-65.8
67.471,-64.4
67.474,-60.3
67.516,-52.8
67.516,-52.8
67.518,-50.9
67.518,-46.3
67.534,-44.6
67.534,-40.0
67.549,-38.1
67.565,-33.2
67.565,-31.3
67.581,-29.5
67.596,-24.6
67.596,-22.6
67.612,-17.4
67.628,-15.5
67.628,-13.6
67.643,-8.4
67.659,-6.2
67.659,-1.2
67.674,0.8
67.69,6.0
67.706,7.9
67.706,10.1
67.721,15.1
67.721,17.2
67.737,22.1
67.753,24.2
67.753,26.1
67.768,31.1
67.799,37.9
67.815,44.4
67.815,46.1
67.831,48.0
67.846,52.4
67.846,54.2
67.862,58.4
67.878,60.1
67.893,61.6
67.893,61.6
67.893,65.7
67.909,67.1
67.924,70.8
67.924,72.3
67.94,75.8
67.956,77.0
67.956,78.3
67.971,81.4
67.987,82.6
67.987,85.4
68.002,86.4
68.018,88.9
68.018,89.9
68.034,90.7
68.049,92.7
68.049,93.5
68.065,95.2
68.096,97.6
68.081,96.3
68.096,97.6
68.112,98.0
68.112,98.9
68.127,99.2
68.143,99.7
68.159,99.9
68.174,100.0
68.174,99.9
68.174,99.9
68.197,99.6
68.214,99.4
68.217,99.2
68.23,98.4
68.241,98.0
68.254,96.8
68.262,96.3
68.275,94.8
68.291,93.4
68.304,91.5
68.312,90.7
68.325,88.3
68.325,88.3
68.334,87.3
68.344,84.7
68.357,83.7
68.386,79.4
68.389,78.2
68.398,75.0
68.408,73.7
68.419,72.1
68.419,72.1
68.43,68.5
68.438,67.1
68.458,61.4
68.475,57.4
68.475,57.4
68.479,55.8
68.492,54.2
68.501,49.5
68.512,47.8
68.528,43.3
68.533,41.5
68.545,36.5
68.556,34.7
68.579,26.0
68.594,20.9
68.61,17.1
68.626,11.9
68.641,4.8
68.626,9.8
68.641,4.8
68.657,2.8
68.673,-4.4
68.688,-6.5
68.688,-11.5
68.704,-13.6
68.719,-18.6
68.719,-20.7
68.735,-22.6
68.751,-27.7
68.751,-29.5
68.751,-29.5
68.766,-34.5
68.782,-36.3
68.782,-41.2
68.798,-42.9
68.813,-44.8
68.829,-51.0
68.844,-55.4
68.86,-57.2
68.86,-58.8
68.876,-62.8
68.876,-64.4
68.891,-68.4
68.907,-69.8
68.922,-73.3
68.922,-74.7
68.954,-79.3
68.954,-79.3
68.954,-80.5
68.969,-83.5
68.969,-84.6
68.985,-87.2
69.001,-88.1
69.016,-89.1
69.016,-91.4
69.032,-92.2
69.063,-95.3
69.047,-94.7
69.063,-95.3
69.063,-96.8
69.11,-98.7
69.126,-99.6
69.141,-99.8
69.141,-99.8
69.141,-100.0
69.157,-100.0
69.157,-99.9
69.172,-99.7
69.196,-99.6
69.196,-99.6
69.205,-99.0
69.223,-98.6
69.237,-97.2
69.252,-95.9
69.259,-95.3
69.279,-92.0
69.295,-90.0
69.295,-90.0
69.311,-89.0
69.311,-86.6
69.326,-85.5
69.326,-84.5
69.342,-81.6
69.358,-80.4
69.358,-77.2
69.373,-76.0
69.389,-74.5
69.404,-71.1
69.404,-69.6
69.42,-64.2
69.451,-58.7
69.467,-57.0
69.467,-52.7
69.498,-46.5
69.498,-46.5
69.498,-44.6
69.514,-42.9
69.545,-31.3
69.561,-29.5
69.561,-29.5
69.561,-24.4
69.576,-22.5
69.592,-20.5
69.592,-15.5
69.607,-13.4
69.623,-6.2
69.639,-1.2
69.654,1.0
69.67,2.9
69.67,2.9
69.67,8.0
69.686,10.1
69.686,15.3
69.701,17.2
69.717,19.1
69.717,24.0
69.732,26.3
69.748,31.1
69.748,33.0
69.764,37.7
69.779,39.8
69.795,46.2
69.811,47.9
69.811,52.6
69.826,54.2
69.842,55.8
69.857,59.9
69.857,61.8
69.873,65.7
69.889,67.1
69.889,70.8
69.904,72.4
69.904,73.7
69.92,77.1
69.951,82.6
69.951,81.6
69.951,82.6
69.967,85.4
69.998,89.9
69.998,90.7
70.014,92.7
70.029,93.4
70.029,93.4
70.045,94.2
70.045,95.8
70.045,95.8
70.06,96.3
70.076,97.6
70.092,98.9
70.092,99.2
70.107,99.4
70.123,99.8
70.139,99.9
70.139,100.0
70.154,99.9
70.17,99.8
70.17,99.4
70.192,99.2
70.2,98.4
70.212,98.0
70.231,96.8
70.233,96.3
70.233,96.3
70.245,95.8
70.254,94.1
70.267,93.4
70.302,89.8
70.314,86.4
70.329,82.5
70.345,79.4
70.36,77.0
70.36,77.0
70.376,73.6
70.392,72.1
70.392,72.1
70.392,68.5
70.407,67.1
70.439,59.9
70.454,55.8
70.454,55.8
70.454,54.0
70.47,49.6
70.485,47.8
70.485,46.1
70.501,41.4
70.517,39.6
70.517,34.7
70.532,32.9
70.548,26.0
70.564,24.0
70.579,19.0
70.595,16.9
70.595,10.0
70.626,2.6
70.642,0.7
70.657,-6.3
70.673,-11.5
70.673,-11.5
70.673,-13.6
70.689,-15.6
70.704,-22.6
70.72,-27.7
70.735,-29.6
70.751,-31.4
70.767,-38.3
70.767,-38.3
70.782,-42.9
70.782,-44.7
70.798,-49.3
70.798,-51.2
70.814,-52.8
70.845,-62.9
70.829,-58.8
70.845,-62.9
70.86,-64.4
70.892,-71.3
70.892,-71.3
70.892,-74.7
70.907,-76.0
70.923,-79.3
70.923,-80.6
70.939,-81.7
70.954,-85.6
70.985,-89.1
71.001,-92.2
71.017,-93.0
71.017,-93.0
71.017,-94.7
71.032,-95.3
71.048,-96.8
71.063,-97.3
71.063,-98.3
71.063,-98.3
71.079,-98.7
71.079,-99.0
71.126,-100.0
71.126,-100.0
71.126,-100.0
71.142,-100.0
71.157,-99.6
71.173,-99.0
71.173,-98.6
71.2,-97.6
71.21,-97.2
71.221,-96.7
71.232,-95.2
71.232,-95.2
71.241,-94.6
71.26,-92.9
71.273,-89.9
71.282,-89.0
71.294,-88.1
71.306,-85.6
71.327,-81.6
71.335,-80.4
71.355,-75.9
71.364,-74.5
71.364,-74.5
71.364,-71.1
71.379,-69.7
71.395,-65.8
71.395,-64.2
71.411,-62.7
71.426,-58.7
71.426,-57.0
71.442,-52.6
71.473,-49.2
71.489,-42.7
71.489,-42.7
71.489,-38.1
71.504,-36.3
71.52,-31.5
71.535,-29.3
71.535,-27.4
71.535,-27.4
71.551,-22.5
71.567,-20.6
71.582,-13.4
71.582,-11.4
71.598,-6.4
71.614,-4.1
71.629,1.0
71.629,2.9
71.629,2.9
71.645,8.0
71.66,10.1
71.676,17.2
71.676,19.1
71.692,24.2
71.692,24.2
71.707,26.3
71.723,31.1
71.723,33.0
71.739,35.0
71.754,39.8
71.754,41.6
71.77,46.2
71.785,48.0
71.801,54.2
71.817,55.8
71.817,60.1
71.817,60.1
71.832,61.6
71.848,65.7
71.879,72.3
71.879,72.3
71.879,73.7
71.895,77.1
71.91,78.3
71.91,79.6
71.926,82.7
71.942,83.7
71.942,86.4
71.957,87.4
71.989,91.5
71.989,91.5
72.004,93.5
72.004,94.2
72.035,96.3
72.035,97.6
72.067,98.4
72.082,99.4
72.098,99.8
72.098,99.8
72.098,99.9
72.113,100.0
72.129,99.9
72.129,99.8
72.145,99.4
72.16,99.2
72.16,98.4
72.187,98.0
72.195,97.6
72.213,96.3
72.216,95.7
72.228,94.1
72.24,93.4
72.24,93.4
72.248,92.7
72.266,90.6
72.268,89.8
72.28,87.3
72.295,86.4
72.301,83.6
72.309,82.5
72.322,81.3
72.334,78.2
72.343,76.9
72.358,73.6
72.376,68.5
72.388,66.9
72.404,61.6
72.395,65.5
72.404,61.6
72.413,59.9
72.413,55.6
72.429,54.0
72.444,52.3
72.444,47.8
72.46,45.9
72.476,41.4
72.507,32.7
72.507,32.7
72.523,30.9
72.523,26.0
72.538,19.0
72.569,15.0
72.585,7.9
72.585,7.9
72.585,7.9
72.601,2.6
72.616,0.7
72.632,-6.3
72.632,-8.6
72.648,-13.6
72.663,-15.6
72.663,-20.5
72.679,-22.8
72.679,-22.8
72.694,-27.7
72.71,-29.6
72.71,-31.4
72.726,-36.5
72.726,-38.3
72.757,-44.7
72.772,-46.6
72.772,-51.2
72.788,-52.8
72.804,-57.0
72.804,-58.8
72.819,-64.4
72.819,-64.4
72.835,-65.9
72.851,-69.8
72.882,-76.0
72.897,-77.4
72.913,-81.7
72.913,-81.7
72.929,-84.5
72.929,-85.6
72.96,-89.1
72.96,-90.0
72.976,-92.2
72.991,-93.0
72.991,-94.7
73.007,-95.3
73.022,-96.8
73.022,-97.3
73.038,-97.7
73.054,-98.7
73.054,-99.0
73.069,-99.6
73.085,-99.8
73.101,-99.9
73.101,-100.0
73.101,-100.0
73.116,-100.0
73.116,-99.7
73.132,-99.6
73.147,-99.0
73.147,-98.6
73.182,-97.2
73.198,-96.8
73.202,-95.2
73.214,-94.6
73.235,-92.1
73.243,-91.2
73.256,-89.0
73.268,-88.1
73.288,-84.4
73.297,-83.3
73.297,-83.3
73.309,-80.4
73.321,-79.2
73.33,-75.9
73.342,-74.5
73.354,-71.1
73.37,-68.2
73.384,-64.2
73.391,-62.7
73.406,-58.7
73.415,-57.0
73.425,-55.2
73.439,-50.9
73.463,-42.7
73.463,-42.7
73.463,-38.1
73.479,-36.3
73.51,-29.3
73.526,-22.5
73.541,-15.3
73.557,-13.4
73.557,-13.4
73.557,-11.4
73.572,-6.2
73.588,-4.3
73.604,1.0
73.604,2.9
73.635,12.2
73.65,17.2
73.666,24.2
73.682,26.1
73.697,28.2
73.713,35.0
73.697,33.2
73.713,35.0
73.713,39.7
73.76,49.7
73.76,49.7
73.775,54.2
73.791,55.8
73.807,61.6
73.807,61.6
73.807,63.3
73.822,67.1
73.854,72.3
73.869,75.0
73.869,75.0
73.885,78.4
73.885,79.6
73.885,79.6
73.9,82.7
73.9,83.7
73.932,87.4
73.947,88.4
73.947,90.7
73.979,93.5
73.979,93.5
73.994,94.2
73.994,95.8
74.01,96.4
74.01,96.9
74.025,98.0
74.057,99.4
74.041,99.2
74.057,99.4
74.072,99.6
74.072,99.9
74.088,100.0
74.104,99.9
74.135,99.2
74.135,99.2
74.135,98.9
74.15,98.0
74.166,97.6
74.166,96.3
74.19,95.7
74.202,95.1
74.21,93.5
74.21,93.5
74.224,92.6
74.231,90.6
74.244,89.8
74.251,87.4
74.268,86.2
74.284,82.5
74.3,81.4
74.3,81.4
74.305,78.1
74.317,76.9
74.337,72.2
74.346,70.6
74.359,66.9
74.37,65.5
74.383,61.6
74.383,61.6
74.391,59.9
74.399,58.2
74.411,54.0
74.421,52.3
74.436,48.0
74.441,45.9
74.453,41.4
74.468,39.6
74.493,30.9
74.493,30.9
74.505,26.0
74.512,24.1
74.512,18.8
74.528,16.9
74.544,15.0
74.544,10.0
74.559,7.9
74.575,2.6
74.606,-6.5
74.622,-13.6
74.637,-15.6
74.653,-22.6
74.653,-20.7
74.653,-22.6
74.669,-24.7
74.7,-36.3
74.7,-36.3
74.7,-38.3
74.716,-40.1
74.731,-44.8
74.747,-46.6
74.747,-51.2
74.762,-57.2
74.762,-57.2
74.778,-58.8
74.794,-60.5
74.794,-64.4
74.809,-66.0
74.825,-69.8
74.841,-71.3
74.841,-72.6
74.856,-76.1
74.872,-80.6
74.887,-81.7
74.903,-84.6
74.919,-86.7
74.903,-84.6
74.903,-85.6
74.919,-86.7
74.934,-89.1
74.981,-95.3
74.997,-95.9
75.012,-97.7
74.997,-97.3
75.012,-97.7
75.028,-98.7
75.044,-99.3
75.059,-99.8
75.059,-99.9
75.059,-99.9
75.075,-100.0
75.09,-100.0
75.106,-99.6
75.122,-99.4
75.122,-98.6
75.122,-98.6
75.137,-98.3
75.153,-97.2
75.169,-96.2
75.184,-94.6
75.198,-94.0
75.198,-94.0
75.21,-92.0
75.214,-91.3
75.23,-89.0
75.23,-88.1
75.245,-87.1
75.245,-84.5
75.261,-83.3
75.277,-80.4
75.308,-74.5
75.323,-73.2
75.323,-73.2
75.323,-69.6
75.339,-68.2
75.37,-61.0
75.386,-57.0
75.386,-57.0
75.386,-55.4
75.402,-50.9
75.417,-49.1
75.417,-44.6
75.433,-42.8
75.448,-36.1
75.464,-34.3
75.48,-29.5
75.495,-22.3
75.495,-22.3
75.511,-20.4
75.511,-18.6
75.526,-13.4
75.542,-11.2
75.542,-6.2
75.558,-4.3
75.573,-2.3
75.573,3.1
75.589,5.0
75.605,10.1
75.605,12.0
75.636,19.3
75.636,19.3
75.636,21.2
75.651,26.1
75.667,28.2
75.667,33.2
75.683,35.0
75.698,36.8
75.698,41.4
75.714,43.5
75.745,54.0
75.761,56.0
75.776,61.6
75.792,63.2
75.792,63.2
75.808,67.3
75.808,68.7
75.823,70.1
75.823,73.6
75.839,75.2
75.855,78.4
75.855,79.6
75.87,82.6
75.886,83.8
75.901,84.9
75.901,87.4
75.917,88.4
75.917,90.8
75.933,91.6
75.948,93.5
75.964,94.2
75.964,94.9
75.964,94.9
75.979,96.4
75.995,96.9
75.995,98.0
76.011,98.4
76.011,98.8
76.042,99.6
76.058,99.9
76.058,100.0
76.058,100.0
76.073,99.9
76.089,99.8
76.089,99.7
76.104,99.2
76.104,98.9
76.151,97.1
76.151,95.7
76.167,95.1
76.19,93.5
76.19,93.5
76.193,92.6
76.21,90.6
76.225,88.9
76.239,86.3
76.259,82.5
76.263,81.4
76.279,80.1
76.279,80.1
76.279,76.9
76.295,75.6
76.326,66.9
76.326,66.9
76.326,65.5
76.341,64.0
76.373,54.0
76.373,58.2
76.373,54.0
76.388,52.3
76.404,47.8
76.404,46.1
76.42,44.2
76.435,39.6
76.435,37.6
76.451,32.9
76.466,29.0
76.482,24.0
76.498,22.1
76.498,16.9
76.513,15.0
76.529,9.8
76.545,5.9
76.56,0.7
76.576,-6.5
76.56,-1.4
76.576,-6.5
76.591,-8.4
76.623,-17.7
76.638,-24.5
76.654,-29.8
76.654,-29.8
76.654,-31.6
76.67,-33.4
76.701,-44.9
76.716,-46.6
76.732,-53.0
76.716,-48.3
76.732,-53.0
76.748,-54.6
76.779,-64.6
76.779,-64.6
76.779,-66.0
76.794,-67.5
76.81,-71.1
76.81,-72.6
76.826,-76.1
76.857,-80.5
76.857,-80.5
76.857,-81.7
76.873,-82.9
76.904,-89.1
76.919,-90.9
76.919,-90.9
76.951,-93.7
76.951,-93.7
76.951,-95.4
76.966,-95.9
76.982,-97.7
76.998,-98.2
77.013,-99.0
77.013,-99.0
77.013,-99.2
77.044,-99.8
77.06,-100.0
77.044,-100.0
77.06,-100.0
77.076,-99.9
77.091,-98.6
77.123,-97.9
77.107,-98.3
77.123,-97.9
77.138,-96.7
77.138,-96.2
77.154,-94.7
77.169,-93.9
77.185,-92.0
77.201,-90.5
77.215,-88.0
77.215,-88.0
77.222,-87.1
77.234,-84.5
77.234,-84.5
77.246,-83.4
77.254,-80.3
77.269,-79.1
77.287,-74.7
77.297,-73.1
77.309,-69.6
77.329,-62.6
77.345,-61.0
77.345,-61.0
77.36,-57.0
77.36,-55.4
77.376,-50.7
77.376,-49.1
77.392,-47.4
77.423,-36.1
77.423,-36.1
77.439,-34.3
77.454,-32.4
77.454,-32.4
77.454,-27.6
77.47,-25.4
77.485,-20.4
77.485,-18.5
77.501,-13.6
77.517,-9.3
77.532,-4.3
77.548,-2.3
77.564,5.0
77.548,3.1
77.564,5.0
77.564,7.0
77.61,21.2
77.626,26.1
77.642,28.2
77.657,35.0
77.642,30.2
77.657,35.0
77.673,36.8
77.704,48.0
77.72,51.6
77.735,55.8
77.735,55.8
77.735,57.6
77.751,61.6
77.782,68.7
77.798,70.1
77.813,75.0
77.829,78.4
77.845,80.9
77.829,79.6
77.845,80.9
77.86,83.7
77.86,84.9
77.876,87.4
77.892,88.5
77.907,91.6
77.923,92.3
77.938,94.2
77.938,94.2
77.938,94.9
77.954,96.4
77.985,98.4
77.985,98.4
77.985,98.8
78.001,99.4
78.017,99.6
78.048,100.0
78.048,100.0
78.048,99.8
78.063,99.7
78.063,99.7
78.079,99.2
78.079,98.9
78.11,97.6
78.126,97.1
78.126,95.7
78.142,95.1
78.142,93.4
78.157,92.7
78.173,91.9
78.188,89.7
78.202,88.8
78.221,85.2
78.235,84.2
78.235,84.2
78.242,81.3
78.249,80.1
78.263,77.0
78.274,75.6
78.283,72.1
78.283,72.1
78.295,70.7
78.303,69.4
78.317,65.5
78.351,58.3
78.364,52.2
78.379,46.1
78.364,50.5
78.379,46.1
78.395,44.2
78.395,39.4
78.411,37.6
78.426,35.8
78.442,31.0
78.442,28.8
78.457,23.9
78.489,14.8
78.489,14.8
78.489,12.9
78.504,7.9
78.536,0.5
78.536,-1.4
78.551,-3.4
78.582,-10.6
78.582,-15.8
78.582,-15.8
78.582,-17.7
78.598,-22.6
78.629,-26.8
78.629,-26.8
78.629,-31.6
78.645,-33.4
78.645,-38.2
78.661,-40.3
78.676,-44.9
78.692,-46.6
78.692,-48.3
78.707,-53.0
78.723,-54.6
78.723,-58.8
78.739,-60.3
78.739,-62.2
78.754,-66.1
78.77,-67.5
78.801,-76.1
78.817,-77.4
78.817,-77.4
78.817,-78.6
78.832,-81.7
78.864,-86.6
78.879,-87.7
78.879,-87.7
78.879,-90.1
78.895,-90.9
78.91,-92.9
78.91,-93.7
78.926,-95.4
78.957,-97.7
78.973,-98.2
78.989,-99.2
78.989,-99.2
79.004,-99.8
79.004,-99.9
79.02,-100.0
79.02,-100.0
79.035,-100.0
79.035,-99.9
79.082,-99.1
79.082,-98.3
79.098,-97.9
79.114,-96.7
79.114,-96.7
79.114,-96.2
79.129,-94.6
79.129,-93.9
79.145,-93.2
79.16,-91.3
79.16,-90.4
79.183,-88.0
79.199,-87.1
79.208,-86.1
79.216,-83.3
79.228,-82.2
79.237,-79.1
79.249,-77.9
79.258,-74.7
79.276,-73.2
79.282,-71.8
79.29,-68.1
79.308,-66.7
79.31,-62.7
79.31,-62.7
79.322,-61.0
79.331,-57.0
79.331,-57.0
79.343,-55.4
79.351,-53.6
79.367,-49.1
79.396,-40.9
79.396,-40.9
79.404,-39.0
79.412,-34.2
79.444,-25.4
79.444,-25.4
79.459,-20.4
79.459,-18.5
79.475,-16.4
79.49,-11.4
79.49,-9.3
79.506,-4.3
79.506,-2.1
79.522,-0.2
79.537,5.0
79.537,7.0
79.553,12.2
79.584,19.1
79.584,19.1
79.584,21.2
79.6,23.3
79.631,35.0
79.631,35.0
79.647,37.0
79.647,41.6
79.678,45.3
79.693,51.6
79.678,49.9
79.693,51.6
79.709,55.8
79.74,63.3
79.756,68.7
79.772,70.2
79.787,75.0
79.803,76.3
79.818,80.9
79.834,83.7
79.834,83.7
79.834,84.8
79.85,87.6
79.865,88.5
79.865,89.4
79.881,91.5
79.897,92.4
79.897,94.2
79.912,94.9
79.928,95.5
79.943,97.4
79.959,98.4
79.975,98.7
79.975,98.7
79.975,99.4
79.99,99.6
79.99,99.8
80.006,100.0
80.022,100.0
80.022,99.8
80.037,99.7
80.053,99.5
80.068,98.9
80.022,99.8
80.037,99.7
80.053,99.5
80.068,98.9
80.068,98.5
80.084,97.6
80.1,97.1
80.1,95.8
80.115,95.1
80.211,87.9
80.213,85.3
80.216,84.1
80.219,81.3
80.241,77.0
80.241,75.5
80.256,74.2
80.256,70.7
80.272,69.3
80.272,65.3
80.272,65.3
80.287,63.8
80.303,59.9
80.319,56.6
80.334,52.2
80.35,50.5
80.35,50.5
80.35,46.1
80.366,44.2
80.366,42.2
80.381,37.6
80.397,35.8
80.412,30.8
80.412,28.8
80.428,23.9
80.444,22.0
80.444,20.0
80.459,15.0
80.49,5.9
80.49,5.9
80.506,3.8
80.522,-1.5
80.522,-3.4
80.537,-8.4
80.553,-10.6
80.553,-10.6
80.553,-15.6
80.569,-17.7
80.584,-24.7
80.6,-26.6
80.615,-31.6
80.631,-38.3
80.647,-42.0
80.647,-42.0
80.662,-46.6
80.662,-48.5
80.678,-52.8
80.694,-54.6
80.694,-56.2
80.709,-60.5
80.725,-62.0
80.74,-66.1
80.74,-67.5
80.756,-71.3
80.756,-72.6
80.787,-77.4
80.803,-81.7
80.803,-81.7
80.834,-84.0
80.834,-84.0
80.834,-86.7
80.85,-87.7
80.881,-93.0
80.897,-94.4
80.912,-95.9
80.912,-95.9
80.928,-96.5
80.928,-97.7
80.943,-99.0
80.975,-99.5
80.975,-99.5
80.99,-99.9
80.99,-100.0
81.006,-100.0
81.022,-99.9
81.022,-99.8
81.037,-99.4
81.037,-99.1
81.053,-98.3
81.068,-97.9
81.084,-96.7
81.084,-96.1
81.115,-94.0
81.115,-94.0
81.115,-93.2
81.131,-91.3
81.131,-91.3
81.147,-90.4
81.147,-89.5
81.162,-87.1
81.191,-83.3
81.202,-82.2
81.211,-79.1
81.234,-73.2
81.234,-73.2
81.25,-71.8
81.25,-68.1
81.265,-66.6
81.281,-61.0
81.312,-55.2
81.312,-55.2
81.312,-53.6
81.328,-49.2
81.344,-47.4
81.359,-45.5
81.359,-40.9
81.359,-40.9
81.375,-39.1
81.375,-34.2
81.422,-23.5
81.422,-23.5
81.453,-11.4
81.453,-16.4
81.453,-11.4
81.469,-9.3
81.5,-0.2
81.515,7.2
81.531,12.2
81.547,14.1
81.547,14.1
81.547,16.0
81.562,21.4
81.578,23.3
81.578,28.2
81.594,30.0
81.609,35.2
81.609,37.0
81.625,38.8
81.64,45.3
81.656,49.9
81.672,51.6
81.672,53.2
81.672,53.2
81.687,57.4
81.703,59.3
81.734,68.6
81.75,71.6
81.765,75.0
81.781,79.7
81.797,80.9
81.812,84.8
81.812,84.8
81.828,86.0
81.828,88.5
81.828,88.5
81.843,89.4
81.859,91.5
81.89,94.9
81.89,94.9
81.89,95.5
81.906,96.9
81.937,98.7
81.922,98.4
81.937,98.7
81.953,99.1
81.968,99.8
81.984,100.0
81.984,100.0
81.984,100.0
82.0,100.0
82.015,99.7
82.031,99.5
82.031,98.9
82.047,98.5
82.047,97.6
82.062,97.1
82.078,96.6
82.078,96.6
82.078,95.1
82.093,94.5
82.109,92.7
82.125,91.0
82.14,88.8
82.156,87.9
82.171,85.2
82.171,84.2
82.171,81.3
82.201,80.1
82.214,74.2
82.214,74.2
82.23,70.7
82.245,69.2
82.245,67.8
82.261,63.8
82.277,62.3
82.292,58.1
82.292,56.6
82.308,52.2
82.339,44.2
82.355,37.6
82.355,42.4
82.355,37.6
82.37,35.8
82.402,27.0
82.402,22.0
82.402,22.0
82.417,20.0
82.433,15.0
82.448,12.9
82.448,11.0
82.464,5.7
82.495,-3.4
82.495,-8.6
82.495,-8.6
82.511,-10.6
82.527,-12.5
82.542,-17.7
82.542,-19.8
82.558,-24.7
82.573,-28.6
82.589,-33.6
82.605,-35.4
82.605,-40.1
82.62,-42.1
82.652,-50.2
82.667,-54.5
82.667,-54.5
82.683,-56.4
82.683,-60.5
82.714,-67.6
82.73,-69.1
82.73,-69.1
82.73,-72.6
82.745,-74.0
82.761,-77.5
82.761,-78.7
82.776,-79.9
82.792,-82.8
82.792,-84.1
82.808,-86.7
82.839,-91.0
82.823,-90.0
82.839,-91.0
82.855,-91.8
82.886,-96.0
82.886,-96.0
82.886,-96.5
82.901,-97.0
82.933,-99.3
82.917,-98.5
82.933,-99.3
82.948,-99.5
82.98,-100.0
82.98,-99.9
83.011,-99.4
83.011,-99.1
83.011,-99.1
83.026,-98.3
83.042,-97.9
83.058,-97.4
83.058,-96.1
83.073,-95.6
83.073,-94.0
83.089,-93.2
83.105,-92.4
83.12,-90.4
83.12,-89.5
83.136,-87.1
83.151,-86.0
83.151,-83.3
83.167,-82.2
83.186,-81.0
83.194,-77.8
83.209,-76.6
83.215,-73.2
83.227,-71.9
83.238,-68.0
83.247,-66.6
83.259,-65.1
83.263,-61.2
83.279,-59.3
83.279,-55.2
83.279,-55.2
83.294,-53.6
83.294,-51.9
83.326,-45.5
83.341,-40.9
83.341,-39.1
83.341,-39.1
83.357,-34.1
83.372,-32.2
83.372,-30.4
83.388,-25.5
83.388,-23.3
83.435,-14.5
83.451,-7.2
83.435,-9.3
83.451,-7.2
83.466,-2.1
83.466,-0.2
83.482,5.1
83.482,7.2
83.529,16.2
83.529,16.2
83.529,21.2
83.544,23.3
83.56,25.2
83.56,30.0
83.576,32.0
83.591,37.0
83.591,38.8
83.607,43.4
83.622,45.3
83.622,47.2
83.638,51.6
83.654,53.2
83.654,57.6
83.669,59.3
83.685,63.3
83.685,64.8
83.7,66.4
83.716,70.2
83.716,71.6
83.732,75.0
83.732,75.0
83.747,76.4
83.747,77.7
83.779,82.0
83.779,84.9
83.794,85.9
83.825,90.3
83.841,92.4
83.841,92.4
83.841,93.2
83.857,94.9
83.872,95.5
83.872,96.1
83.888,97.4
83.904,97.8
83.919,98.8
83.919,99.1
83.95,99.8
83.966,100.0
83.982,99.7
83.982,99.7
83.997,99.5
84.013,98.9
84.013,98.5
84.044,97.0
84.06,95.1
84.044,96.6
84.06,95.1
84.075,94.4
84.091,91.8
84.107,91.1
84.107,88.8
84.107,88.8
84.122,87.8
84.138,85.2
84.138,84.2
84.169,80.0
84.169,78.8
84.185,75.6
84.2,74.2
84.214,72.9
84.224,69.2
84.243,64.0
84.256,62.3
84.263,58.1
84.276,56.6
84.288,55.0
84.296,50.5
84.313,48.6
84.329,42.4
84.329,42.4
84.329,37.6
84.344,35.6
84.344,33.8
84.36,29.0
84.375,27.0
84.375,21.8
84.391,20.0
84.407,18.1
84.438,5.7
84.438,3.8
84.469,-3.6
84.469,-5.5
84.5,-12.5
84.516,-17.7
84.516,-17.7
84.516,-19.8
84.532,-21.7
84.547,-26.6
84.547,-28.6
84.563,-33.6
84.594,-42.1
84.61,-44.0
84.61,-44.0
84.61,-48.5
84.625,-50.2
84.641,-54.6
84.641,-56.4
84.657,-60.5
84.672,-62.0
84.704,-67.6
84.704,-69.1
84.719,-72.6
84.719,-72.6
84.719,-74.1
84.735,-75.5
84.766,-82.8
84.782,-86.7
84.766,-84.1
84.782,-86.7
84.797,-87.7
84.797,-88.6
84.813,-91.0
84.828,-91.8
84.86,-96.0
84.86,-96.5
84.875,-97.0
84.86,-96.5
84.875,-97.0
84.891,-98.1
84.907,-98.5
84.907,-99.3
84.922,-99.5
84.953,-100.0
84.969,-99.8
84.953,-99.9
84.969,-99.8
84.985,-99.3
85.0,-98.8
85.016,-97.9
85.016,-97.4
85.016,-97.4
85.032,-96.1
85.047,-95.6
85.063,-95.0
85.063,-93.2
85.078,-92.4
85.094,-90.4
85.094,-88.1
85.11,-88.6
85.125,-86.0
85.125,-85.0
85.141,-84.0
85.141,-84.0
85.157,-81.0
85.157,-77.8
85.188,-75.3
85.204,-71.7
85.213,-68.0
85.221,-66.6
85.23,-65.1
85.245,-61.0
85.262,-55.2
85.279,-53.6
85.286,-49.0
85.296,-47.4
85.305,-42.6
85.324,-41.8
85.336,-34.2
85.324,-41.8
85.336,-34.2
85.344,-35.2
85.363,-28.4
85.379,-20.4
85.379,-21.4
85.394,-19.5
85.41,-11.4
85.41,-12.4
85.426,-5.2
85.457,1.9
85.457,1.9
85.457,3.9
85.473,9.1
85.473,9.1
85.488,11.0
85.504,16.2
85.519,23.3
85.519,25.2
85.535,30.2
85.551,32.1
85.551,37.0
85.566,38.8
85.582,43.6
85.598,45.3
85.598,47.0
85.598,47.0
85.613,51.6
85.613,56.0
85.629,57.6
85.644,59.2
85.66,63.3
85.66,62.6
85.676,68.7
85.691,70.1
85.707,73.1
85.722,74.4
85.722,79.6
85.754,83.2
85.769,84.3
85.754,83.2
85.769,84.3
85.785,87.0
85.801,90.3
85.816,91.1
85.816,93.2
85.816,93.2
85.832,94.9
85.847,95.5
85.879,98.4
85.894,98.8
85.894,99.1
85.91,99.3
85.91,99.3
85.926,99.6
85.926,100.0
85.941,100.0
85.941,100.0
85.957,99.9
86.004,98.2
86.004,98.2
86.004,97.8
86.019,95.7
86.035,95.1
86.035,95.4
86.051,93.7
86.082,89.7
86.082,90.2
86.097,87.8
86.082,90.2
86.097,87.8
86.097,86.8
86.129,81.4
86.144,80.0
86.16,78.8
86.16,77.6
86.176,76.4
86.188,70.6
86.197,69.2
86.205,67.8
86.219,66.4
86.227,59.7
86.238,58.1
86.25,56.6
86.258,54.9
86.274,53.0
86.291,44.2
86.302,42.4
86.311,37.6
86.324,38.5
86.344,29.0
86.356,23.9
86.356,23.9
86.365,24.9
86.372,23.0
86.41,10.8
86.41,10.8
86.413,8.8
86.413,6.9
86.413,6.9
86.429,1.6
86.445,-0.3
86.445,-5.5
86.46,-7.5
86.476,-12.7
86.476,-14.6
86.491,-19.8
86.507,-21.7
86.507,-26.8
86.523,-28.6
86.538,-33.6
86.538,-35.4
86.554,-40.3
86.57,-42.1
86.585,-46.8
86.585,-48.5
86.601,-53.0
86.601,-54.6
86.616,-56.2
86.632,-60.5
86.648,-62.0
86.648,-66.1
86.663,-67.5
86.679,-72.6
86.695,-72.0
86.695,-77.4
86.695,-77.4
86.71,-76.8
86.726,-81.7
86.741,-81.2
86.741,-82.3
86.757,-85.1
86.773,-86.1
86.773,-88.7
86.788,-89.6
86.788,-91.8
86.804,-92.5
86.82,-94.4
86.835,-95.0
86.835,-96.5
86.851,-97.0
86.866,-98.2
86.866,-98.5
86.882,-99.3
86.913,-100.0
86.929,-100.0
86.929,-100.0
86.929,-99.9
86.944,-100.0
86.96,-99.4
86.96,-99.5
86.976,-98.3
86.991,-98.4
86.991,-96.7
87.007,-96.9
87.023,-96.4
87.023,-94.9
87.038,-94.3
87.069,-89.4
87.069,-89.4
87.085,-88.6
87.085,-86.0
87.085,-86.0
87.101,-85.0
87.116,-82.1
87.116,-81.0
87.132,-79.8
87.148,-76.6
87.163,-73.1
87.163,-71.7
87.187,-70.4
87.205,-62.5
87.222,-61.0
87.237,-59.5
87.239,-55.2
87.251,-56.0
87.265,-49.0
87.271,-47.3
87.279,-48.2
87.287,-40.9
87.302,-41.8
87.319,-35.2
87.333,-27.4
87.333,-27.4
87.339,-28.4
87.351,-26.5
87.372,-19.5
87.389,-14.3
87.393,-12.4
87.4,-10.5
87.416,-5.2
87.426,0.0
87.454,9.1
87.463,14.3
87.463,16.2
87.494,20.1
87.51,30.2
87.526,32.1
87.541,36.1
87.557,43.6
87.557,45.3
87.588,49.1
87.604,57.6
87.619,59.2
87.635,61.0
87.65,68.7
87.65,70.1
87.682,73.1
87.682,73.1
87.682,74.4
87.697,79.6
87.713,79.0
87.729,82.1
87.729,83.2
87.76,87.0
87.775,90.3
87.775,91.1
87.791,93.2
87.775,91.1
87.791,93.2
87.807,94.9
87.822,95.5
87.822,96.1
87.838,96.6
87.854,98.5
87.854,98.8
87.869,99.1
87.9,100.0
87.916,100.0
87.932,99.9
87.947,99.8
87.963,98.6
87.978,98.2
87.994,97.3
88.01,95.1
88.025,93.7
88.041,93.0
88.057,90.2
88.072,87.8
88.088,85.8
88.104,83.0
88.119,78.8
88.135,77.6
88.135,77.6
88.135,74.2
88.166,69.2
88.166,67.8
88.192,63.8
88.2,62.3
88.215,58.1
88.22,56.5
88.232,52.1
88.254,51.3
88.261,44.1
88.261,44.1
88.273,45.0
88.286,37.6
88.294,38.5
88.306,30.8
88.315,31.8
88.335,24.9
88.35,23.0
88.362,17.9
88.362,17.9
88.368,16.0
88.385,14.0
88.389,8.8
88.411,1.6
88.421,-0.3
88.43,-5.5
88.43,-5.5
88.442,-10.8
88.458,-12.7
88.474,-16.5
88.488,-21.7
88.502,-28.6
88.513,-30.5
88.529,-40.3
88.545,-42.1
88.56,-48.5
88.576,-47.6
88.591,-56.2
88.591,-56.2
88.623,-66.1
88.638,-67.5
88.654,-70.6
88.67,-72.0
88.685,-76.8
88.701,-80.0
88.701,-80.0
88.716,-81.2
88.716,-82.3
88.732,-87.8
88.763,-89.6
88.779,-93.7
88.795,-94.4
88.81,-96.5
88.826,-97.8
88.81,-96.5
88.826,-97.8
88.826,-98.2
88.873,-99.9
88.888,-100.0
88.888,-100.0
88.904,-99.9
88.904,-100.0
88.92,-99.4
88.951,-98.8
88.966,-98.4
88.982,-96.2
88.998,-95.5
89.013,-94.3
89.029,-93.6
89.045,-89.4
89.06,-88.6
89.076,-83.2
89.091,-82.1
89.107,-79.8
89.123,-76.6
89.138,-71.7
89.138,-71.7
89.154,-70.4
89.154,-66.6
89.169,-67.3
89.199,-59.5
89.199,-59.5
89.213,-55.2
89.213,-56.0
89.244,-45.6
89.259,-43.5
89.275,-34.2
89.291,-32.4
89.306,-28.3
89.322,-26.5
89.338,-16.2
89.353,-14.3
89.353,-14.3
89.353,-12.4
89.369,-10.5
89.4,2.0
89.416,3.9
89.431,14.4
89.447,16.3
89.447,18.2
89.478,28.4
89.494,32.1
89.509,37.0
89.525,43.6
89.541,45.3
89.556,44.4
89.572,50.7
89.572,57.6
89.603,63.3
89.619,64.1
89.634,68.0
89.65,69.4
89.666,74.4
89.666,77.8
89.697,82.1
89.712,84.3
89.712,84.3
89.728,87.0
89.744,89.4
89.744,89.4
89.744,90.3
89.759,91.1
89.791,95.5
89.806,97.4
89.822,97.8
89.838,98.8
89.853,99.6
89.838,99.1
89.853,99.6
89.853,99.8
89.884,100.0
89.9,100.0
89.9,99.7
89.9,99.7
89.916,99.8
89.931,98.9
89.962,97.8
89.962,97.8
89.962,97.3
89.978,96.0
90.009,93.0
90.025,91.0
