f,t
1.0,0.00023889541625976562
0.9990339147935242,0.007292747497558594
0.9961375258153493,0.013734579086303711
0.9921226837982114,0.01972031593322754
0.9866994101066816,0.025703907012939453
0.9798754036983289,0.031688690185546875
0.9701567263741583,0.03866982460021973
0.9585635409273616,0.045684099197387695
0.9471514518097469,0.0516667366027832
0.9343947728274309,0.05765175819396973
0.9203116135459264,0.06363320350646973
0.9049219666213143,0.06958627700805664
0.8882476794183819,0.07560324668884277
0.8703124229957874,0.0815877914428711
0.8511416585022844,0.08756875991821289
0.8307626010317074,0.09355688095092773
0.8092041809880323,0.09953999519348145
0.7864970030153571,0.10552549362182617
0.7667200395851368,0.11147642135620117
0.7377669000641477,0.11754965782165527
0.7118131530427491,0.12371158599853516
0.6802592888182286,0.13056683540344238
0.6521646025693549,0.1365220546722412
0.6231440940424751,0.14269804954528809
0.5932389611701463,0.14851832389831543
0.5624916577104093,0.1548924446105957
0.5309458329788195,0.1607825756072998
0.4986462698832492,0.1669933795928955
0.46563882134942636,0.17305898666381836
0.4319703452274585,0.17887544631958008
0.39768863777175356,0.18534398078918457
0.3628423657887671,0.1914217472076416
0.32748099754890286,0.1974034309387207
0.28564205226499473,0.20371294021606445
0.24325119785900542,0.21053862571716309
0.2065389660675033,0.21695804595947266
0.16953352858021747,0.22325491905212402
0.13228741885004988,0.22906064987182617
0.09485351199168975,0.23542499542236328
0.05101417390352715,0.2420179843902588
0.013355929689320157,0.24788928031921387
-0.024321274795347698,0.25388193130493164
-0.061963952447454666,0.26042842864990234
-0.10576548585051865,0.26660752296447754
-0.14315020384244126,0.2731897830963135
-0.1803317037398884,0.2789907455444336
-0.21725720214922098,0.2847921848297119
-0.25387427910020643,0.29077887535095215
-0.2901309524621624,0.29680919647216797
-0.32597575173854204,0.302793025970459
-0.36135779113519095,0.3087778091430664
-0.39622684179855694,0.3147618770599365
-0.430533403121293,0.32140493392944336
-0.4642287730140354,0.3273613452911377
-0.4972651170435912,0.33348512649536133
-0.5295955363393905,0.33946919441223145
-0.5611741341717976,0.34545445442199707
-0.5919560811077744,0.3514375686645508
-0.6218976786513867,0.3574206829071045
-0.6509564212788201,0.3634047508239746
-0.6790910567798365,0.36943912506103516
-0.7062616448200052,0.37521910667419434
-0.7324296136405785,0.38113927841186523
-0.7575578148155169,0.38704919815063477
-0.7816105759879297,0.3933899402618408
-0.804553751511069,0.39923954010009766
-0.8263547709219814,0.4050486087799072
-0.8469826851790072,0.4109368324279785
-0.8664082105974866,0.4170191287994385
-0.8846037704213007,0.4232139587402344
-0.9015435339712324,0.4290039539337158
-0.9172034533145715,0.4352385997772217
-0.9338262222680084,0.4417881965637207
-0.9466393486395844,0.44773197174072266
-0.9581086121355071,0.453685998916626
-0.968217730823861,0.46010375022888184
-0.9769523536539207,0.46619391441345215
-0.9843000808291101,0.4721062183380127
-0.9902504814099323,0.4780287742614746
-0.9947951081218814,0.4839670658111572
-0.9979275093473159,0.49029994010925293
-0.9996432382842678,0.49616456031799316
-0.999939859259187,0.5021533966064453
-0.9988169511846584,0.5081577301025391
-0.9962761081571836,0.5138039588928223
-0.9923209371941791,0.5204017162322998
-0.9869570531134017,0.5263173580169678
-0.9801920705620724,0.5322072505950928
-0.9720355932070134,0.5384242534637451
-0.9624992001011442,0.5444629192352295
-0.9496475170944726,0.5512924194335938
-0.9371703360005453,0.55716872215271
-0.9233627343779085,0.5631217956542969
-0.9082443136970153,0.5692634582519531
-0.8918365362859644,0.5751407146453857
-0.874162694862269,0.5810611248016357
-0.8552478794661788,0.5869503021240234
-0.8351189418424976,0.5930278301239014
-0.8101388821239993,0.6000833511352539
-0.7874796185569848,0.6060059070587158
-0.7596332349727336,0.6127617359161377
-0.7345945876194669,0.6185562610626221
-0.7085130991922728,0.6248493194580078
-0.6814257953483767,0.6314868927001953
-0.6533711296150794,0.6373670101165771
-0.6243889288005763,0.6432371139526367
-0.5945203364552439,0.6490800380706787
-0.5586099807128946,0.6556761264801025
-0.5269679304237245,0.6617653369903564
-0.49457778885842696,0.6677305698394775
-0.4614855375292319,0.6739475727081299
-0.4277381546735187,0.6804611682891846
-0.3876021577690567,0.6865956783294678
-0.3526008214507527,0.6925830841064453
-0.3111368094638822,0.7001018524169922
-0.2751146771811973,0.706019401550293
-0.2387019881339511,0.7119100093841553
-0.2019504343008085,0.7177422046661377
-0.1649121887177731,0.7236769199371338
-0.1276398314125915,0.7303097248077393
-0.09018627476139107,0.7362253665924072
-0.05260468837350215,0.7421138286590576
-0.014948423611117126,0.7480299472808838
0.02272906214907386,0.7539684772491455
0.060374281404746044,0.7600979804992676
0.09793379245956996,0.7661898136138916
0.1353542752898145,0.7721428871154785
0.1725826072382218,0.7784669399261475
0.20956593842769872,0.7844760417938232
0.25233348393030747,0.7912919521331787
0.28860643643349027,0.7972185611724854
0.3244696790760444,0.8031368255615234
0.35987229988134567,0.8089859485626221
0.39476404077817684,0.814946174621582
0.4290953689478102,0.8209526538848877
0.46837531255905146,0.8276209831237793
0.4958827028686259,0.8334612846374512
0.5282438963570928,0.8391704559326172
0.5598551871897867,0.8453798294067383
0.5906716995222121,0.8513648509979248
0.6255614872906773,0.8580677509307861
0.6545074925567301,0.864466667175293
0.6825243495443508,0.8704214096069336
0.7095722851191864,0.8764057159423828
0.735612901641698,0.8823890686035156
0.7646712447910358,0.8893709182739258
0.7922521127855534,0.8959658145904541
0.814676432248921,0.9024612903594971
0.8359442252964553,0.9083786010742188
0.8560252998623346,0.9144787788391113
0.8748911485634131,0.9204301834106445
0.8925149891687141,0.9263429641723633
0.9088718026198708,0.932218074798584
0.9239383685485427,0.9384956359863281
0.9398568677425679,0.9445614814758301
0.9520570078924047,0.9507215023040771
0.9629055941793574,0.9566283226013184
0.9723872257938296,0.9633324146270752
0.9804884424747989,0.9693522453308105
0.9881799375338741,0.9755861759185791
0.9925056046033278,0.9814932346343994
0.9964044903141689,0.987372875213623
0.9991651295285461,0.9935853481292725
0.9999949269133752,0.9997525215148926
0.8461832152199068,1.0901134014129639
0.7767327808795844,1.1090295314788818
0.7051974784756961,1.1259849071502686
0.6108245932848926,1.145930528640747
0.5599302670857964,1.1559042930603027
0.47951472833164666,1.1708886623382568
0.2524211650028676,1.2097599506378174
0.13544405519322694,1.2287096977233887
0.03537425229435377,1.244666337966919
-0.02741493078511621,1.2546393871307373
-0.06505239682081987,1.2606239318847656
-0.275027558372307,1.2945334911346436
-0.3933002384210749,1.3154771327972412
-0.5268909164604239,1.3394131660461426
-0.7988965398244073,1.398256540298462
-0.9371387193287903,1.4441330432891846
-0.9789104933637082,1.4680728912353516
-0.996268291282285,1.4870188236236572
-0.999645654442375,1.5049715042114258
-0.9948043372331632,1.5169391632080078
-0.9506407190767701,1.5508511066436768
-0.9172395520456181,1.5658133029937744
-0.8664534540857811,1.5837693214416504
-0.8046075622487805,1.6017124652862549
-0.7617009477595422,1.6127114295959473
-0.6510252053347136,1.6386144161224365
-0.59707855969638,1.648587942123413
-0.49188572404440395,1.668534517288208
-0.39053648784722883,1.687483787536621
-0.1742403725517259,1.723386526107788
0.019544467935528984,1.7543039321899414
0.14463661149178392,1.7742500305175781
0.27953110572254414,1.7961914539337158
0.3802491923294138,1.8131814002990723
0.4985677228048514,1.8340904712677002
0.5830076842666226,1.8504207134246826
0.6473219826053489,1.8633806705474854
0.7334514395633035,1.8823468685150146
0.8444329652356971,1.911283016204834
0.8763857771032008,1.921224594116211
0.9298134792087233,1.9412522315979004
0.9529991778889029,1.9521925449371338
0.9834455238342338,1.9721391201019287
0.9980230370534735,1.9910879135131836
0.9943162134973744,2.0180160999298096
0.9620906345078631,2.0449435710906982
0.9153623434397925,2.066892147064209
0.8609259207901067,2.0858347415924072
0.8165718160299835,2.0988001823425293
0.7586555246436447,2.1137607097625732
0.6757096443547513,2.1327102184295654
0.6033752985370691,2.147700071334839
0.48230750579870196,2.1706085205078125
0.4092637031251784,2.1835737228393555
0.20662762578586488,2.2184793949127197
0.03228133187793928,2.2459731101989746
-0.0556043655551787,2.259936571121216
-0.1802425741854938,2.280880928039551
-0.2719636982255132,2.294842481613159
-0.4361115034808685,2.322767496109009
-0.5918830462024708,2.3526880741119385
-0.6790245381553173,2.370424270629883
-0.7574986615448287,2.3883445262908936
-0.8044999341671961,2.4003469944000244
-0.8333124797429046,2.4082911014556885
-0.8903498647881698,2.426243305206299
-0.929226154139949,2.440711259841919
-0.9697471955046213,2.4622182846069336
-0.9926880327993164,2.4821646213531494
-0.9999985833048405,2.5011160373687744
-0.9915363713357331,2.5220584869384766
-0.9763067033359926,2.5360193252563477
-0.953535116460379,2.549983024597168
-0.8974876249790743,2.5739190578460693
-0.8246592983162887,2.5968568325042725
-0.629352398411838,2.6427342891693115
-0.5055329915469443,2.6667025089263916
-0.3992325063784615,2.685621500015259
-0.2872547837489443,2.70457124710083
-0.1463916126639822,2.7275075912475586
0.02263847110588978,2.7554337978363037
0.20947733534389298,2.7853851318359375
0.27647136268682176,2.796325206756592
0.3946807842666963,2.8161115646362305
0.47383481175945585,2.8300790786743164
0.6156420029966244,2.8570098876953125
0.7440022834078701,2.884967088699341
0.810965505795023,2.9018900394439697
0.880862144374543,2.9228339195251465
0.916531508035157,2.9357998371124268
0.9481108450971746,2.9497616291046143
0.9677953591797933,2.960744857788086
0.9917069861865283,2.980679750442505
0.9999954877596927,3.0021495819091797
0.9805240517234972,3.033066987991333
0.9089473737683649,3.0699667930603027
0.811124529572639,3.1008853912353516
0.7566357274548324,3.1148476600646973
0.6257028671085036,3.143770694732666
0.51769296871656,3.1647136211395264
0.38336068709979704,3.188650131225586
0.2097431394323697,3.21757173538208
-0.008487649754379146,3.253476858139038
-0.09625847814250849,3.267451047897339
-0.1832857147568794,3.2814013957977295
-0.2567787857041748,3.2933709621429443
-0.3406496156156237,3.3073322772979736
-0.4501450331708423,3.326281785964966
-0.5374478216826194,3.3422703742980957
-0.6291411204566587,3.3601927757263184
-0.676682713749495,3.3701670169830322
-0.742937165644551,3.3851563930511475
-0.7795629748584917,3.3941245079040527
-0.8245055053089647,3.4060699939727783
-0.886000708941359,3.4250190258026123
-0.9208628264123284,3.4379825592041016
-0.9589646710489295,3.4559357166290283
-0.9950967209828069,3.4858555793762207
-0.9979391546944796,3.511800765991211
-0.9820398317471377,3.5317344665527344
-0.9172756432452457,3.567148447036743
-0.8403371525234248,3.593078851699829
-0.8046613663798897,3.60305118560791
-0.6746016274611915,3.6339714527130127
-0.5768154979820135,3.653947114944458
-0.4809911728804923,3.671868085861206
-0.40215092408894465,3.6858320236206055
-0.3142484559978239,3.7007994651794434
-0.19900734581957535,3.7197418212890625
-0.13711161915047615,3.7297139167785645
-0.018223893048968313,3.749398946762085
0.07590202839496464,3.764360189437866
0.17554082646019015,3.780320167541504
0.2673627438697552,3.795276403427124
0.35094031492300914,3.809242010116577
0.4032769543642437,3.818215847015381
0.5093377794705177,3.8371646404266357
0.6230023435516986,3.8591055870056152
0.7291062122364617,3.8820440769195557
0.8053911666217732,3.900993824005127
0.851046511034316,3.913958787918091
0.9021533429543611,3.931049346923828
0.9470933004877395,3.9496419429779053
0.9856285134437263,3.974574565887451
0.9998191018833068,3.999380588531494
0.9856896776557239,4.029301404953003
0.9322047871852939,4.061214923858643
0.8545156004647133,4.089229106903076
0.7708519964476539,4.112170219421387
0.7075163545714898,4.127018928527832
0.588318286871394,4.151952266693115
0.5364099945305422,4.16222357749939
0.4602329359039218,4.176186800003052
0.3746855140174923,4.1911468505859375
0.2737574436141619,4.208101511001587
0.1262398244983424,4.232036828994751
0.007257491801612581,4.250985383987427
-0.09308747938140112,4.266944885253906
-0.18015344315113646,4.2807581424713135
-0.3019547438700996,4.300738096237183
-0.4971078750884981,4.334620237350464
-0.6315435811177186,4.361178398132324
-0.7450050719289624,4.386110782623291
-0.843530107955597,4.412040710449219
-0.8903086065021413,4.427001237869263
-0.933761376532459,4.443955659866333
-0.9831391157944381,4.4730963706970215
-0.9992217965397965,4.496038913726807
-0.9837816685556442,4.530945539474487
-0.923432298123694,4.564584255218506
-0.8617810301922502,4.587493419647217
-0.78370607582722,4.609433889389038
-0.6952230812258865,4.6303794384002686
-0.5794145634251157,4.654204607009888
-0.48926797821071366,4.671159029006958
-0.4279019607741578,4.682129859924316
-0.31130903780846475,4.702077865600586
-0.21441240986054916,4.71803617477417
-0.10286791828971253,4.735986232757568
0.022547879876823846,4.756445407867432
0.19093029670964737,4.783373117446899
0.37721730973622297,4.815285921096802
0.5173828282864825,4.839224100112915
0.7050047127049364,4.877121448516846
0.7844133973539866,4.896070718765259
0.9034841193037485,4.9319748878479
0.9723449158869879,4.964744329452515
0.9932324063932751,4.983694314956665
0.9995942860732014,4.9976584911346436
0.9991761984691115,5.0086281299591064
0.9932849259380956,5.020595073699951
0.9502018159836937,5.052510023117065
0.9216233377736108,5.065507411956787
0.849608665912416,5.091407775878906
0.780786016825243,5.110355854034424
0.6688366973901398,5.136285781860352
0.5807118932272951,5.153745651245117
0.5231329107301302,5.164714574813843
0.4406502049399464,5.179675102233887
0.3483805489195646,5.195632219314575
0.14184287190560332,5.229542255401611
-0.17083507133693893,5.280405282974243
-0.34056441947378624,5.308330297470093
-0.47235183228445343,5.331269264221191
-0.5841538387973275,5.352213382720947
-0.6531653100020635,5.366176128387451
-0.708321233991678,5.37814474105835
-0.8025498782705432,5.40108323097229
-0.8973277079317143,5.430182218551636
-0.9256527587862619,5.441155433654785
-0.9571389914832772,5.456115484237671
-0.9813642829574315,5.472074747085571
-0.993765899474717,5.485039472579956
-0.9999368409746845,5.501028537750244
-0.9975228862977411,5.513962030410767
-0.9832218632213167,5.531914234161377
-0.9467269272734372,5.554854393005371
-0.8847305099600271,5.579784631729126
-0.8504475751994839,5.590782880783081
-0.7933884395389065,5.60671329498291
-0.7064540702754801,5.627657651901245
-0.6022491467538319,5.649531364440918
-0.5244895874739904,5.665488243103027
-0.3849148073725504,5.6904215812683105
-0.22976431901180966,5.716352701187134
-0.07476568493614329,5.741286754608154
0.0883292203934107,5.767219066619873
0.17545161842644622,5.781180143356323
0.30338633014330335,5.802123308181763
0.45983065235570286,5.829358339309692
0.6130571929486553,5.858280658721924
0.6982604111277636,5.876233816146851
0.7624974506428803,5.8907060623168945
0.8090444357997288,5.902673959732056
0.8476841160910598,5.913644552230835
0.896623628763107,5.929601430892944
0.9470642131617941,5.950581312179565
0.9845323493603302,5.9745142459869385
0.9983877766769482,5.994154691696167
0.9999819510794916,6.005091905593872
0.9955919929017336,6.018057584762573
0.9835111379819192,6.0320045948028564
0.9568346535762827,6.049536943435669
0.8610181031990555,6.088225841522217
0.7866648626317706,6.109174013137817
0.7163996529428001,6.126127004623413
0.5311761747476562,6.1643617153167725
0.38638426156004396,6.190292835235596
0.2798790960173413,6.2082438468933105
0.21294506190678644,6.219214200973511
0.10761933983160472,6.236170291900635
-0.011491577189935017,6.25511908531189
-0.11797642710061189,6.2720723152160645
-0.210857236530975,6.287033796310425
-0.4528255062303492,6.327989816665649
-0.5609491095317116,6.348312139511108
-0.6880597307112296,6.374057292938232
-0.7449446237647378,6.387024641036987
-0.7930573720047646,6.398991584777832
-0.8631180645166239,6.418937683105469
-0.9014258773134639,6.431902647018433
-0.954354729376499,6.4548420906066895
-0.9831225420909643,6.474498987197876
-0.9979099798721034,6.493482351303101
-0.9999428036494756,6.505417108535767
-0.9915598838343848,6.524371147155762
-0.9706071405639245,6.542320013046265
-0.9160751230347667,6.569246530532837
-0.8488155118688783,6.592184782028198
-0.7432403580459832,6.620141506195068
-0.66771931330284,6.637064218521118
-0.5218522064813976,6.66553521156311
-0.40514810744413166,6.68747615814209
-0.2450592673880724,6.714404582977295
0.07889709393817392,6.765591621398926
0.15372716443025544,6.777589321136475
0.23379513696257825,6.790524244308472
0.3003496200436727,6.802492380142212
0.36547139068518525,6.81346321105957
0.42316818903656345,6.823437452316284
0.5333358135198695,6.8433849811553955
0.6204365139681703,6.860337495803833
0.6823256443203364,6.87333345413208
0.7438811783158271,6.8882646560668945
0.8217408421977482,6.9072113037109375
0.8895408566384578,6.928156614303589
0.943983052207297,6.950098037719727
0.9816518025042341,6.973037242889404
0.9963814219685432,6.9899914264678955
0.9985924972898776,7.011933326721191
0.972471749795308,7.041080713272095
0.8840294073339423,7.08097505569458
0.807542457203952,7.103913068771362
0.7315914894870935,7.122861623764038
0.5960185077577168,7.151815414428711
0.46313881841898225,7.176718711853027
0.2829356781869458,7.207660675048828
0.20377616231736512,7.220630884170532
0.12325921426951013,7.233567476272583
0.02936925332257052,7.249311685562134
-0.05224272934243976,7.2622716426849365
-0.23224632650298765,7.291193246841431
-0.34047922053558727,7.309143781661987
-0.44436608769181646,7.32712721824646
-0.5213110204170437,7.3411054611206055
-0.6290002426563098,7.362002611160278
-0.6948321801269076,7.375967741012573
-0.7675092225162196,7.392920017242432
-0.8099263425900262,7.403892517089844
-0.9080925872491211,7.43481183052063
-0.9533985162667432,7.454756498336792
-0.9914774476151144,7.482682943344116
-0.9983329208203289,7.512601137161255
-0.9728416377018358,7.540621042251587
-0.9222752838367956,7.566550970077515
-0.8471753193336411,7.593479156494141
-0.7495394918500909,7.6194093227386475
-0.6023214824662203,7.651355981826782
-0.5405124916970487,7.663292646408081
-0.46454977662114333,7.677254915237427
-0.3965596070202749,7.689222812652588
-0.2176109877911307,7.7191431522369385
-0.09987931672131513,7.738095045089722
-0.02468362340942723,7.750060319900513
0.11323050513564166,7.772043704986572
0.22458181683974232,7.789995431900024
0.34488275106074917,7.809941291809082
0.4541642118274043,7.828891754150391
0.5199512422000945,7.840893268585205
0.5878785593026817,7.85382604598999
0.6753755850401897,7.871777534484863
0.7375221727015241,7.885739326477051
0.7939714396575195,7.899703025817871
0.8792635289453896,7.924635171890259
0.949033126570951,7.9525604248046875
0.9987199688239049,7.995953798294067
0.9956004875445379,8.018892765045166
0.9746337678268976,8.039868354797363
0.9472676611275587,8.05579400062561
0.9252897177673726,8.065768480300903
0.8704908761240159,8.086239099502563
0.8094170815495696,8.104191064834595
0.7422346189711775,8.121178150177002
0.7031932401030998,8.13012170791626
0.6085871262803956,8.150068521499634
0.5471192200337984,8.162036895751953
0.47150691342972795,8.17599892616272
0.39225224026364436,8.189962148666382
0.2920014125097696,8.206917762756348
0.09521432895659744,8.238831281661987
-0.023958922986046717,8.257782459259033
-0.09290703604245741,8.269315481185913
-0.22302956303473642,8.290105819702148
-0.3551562565376965,8.312047481536865
-0.4749975220034522,8.33299207687378
-0.5451778208901452,8.345956325531006
-0.6970544654881963,8.376595973968506
-0.796812402939597,8.400531530380249
-0.8434327594411012,8.414494752883911
-0.8930691539487806,8.43045163154602
-0.9794832712673025,8.472341537475586
-0.9959639500846513,8.490291833877563
-0.999894657625499,8.502259492874146
-0.9957484562533692,8.519245624542236
-0.9898661902940522,8.527193069458008
-0.9536169826250641,8.553147792816162
-0.8712736512687991,8.58584976196289
-0.8176466653086851,8.601805448532104
-0.7131850008602046,8.62776780128479
-0.6724481006878189,8.636712789535522
-0.5272759430014641,8.665634870529175
-0.472910816097857,8.676374197006226
-0.352939976465498,8.697317361831665
-0.15907281433083423,8.729233026504517
-0.08429130204793919,8.741201877593994
-0.015310839559150283,8.752172470092773
0.06001248120163641,8.764139413833618
0.25805508535780347,8.795597553253174
0.41167253003993515,8.821526765823364
0.5438419759780979,8.846460580825806
0.6959116203357838,8.877378225326538
0.8144661839525529,8.906331062316895
0.8525727286901974,8.917271852493286
0.9006958575812125,8.933260440826416
0.9460074176625477,8.952208995819092
0.9765331536539547,8.970128536224365
0.9952264898311842,8.989078521728516
0.9999937066897147,9.004350662231445
0.9940117113577859,9.022330522537231
0.9724928608337898,9.042250633239746
0.9482835645210012,9.056213855743408
0.8840717596909413,9.082144498825073
0.7925284931056353,9.109071254730225
0.6595831944109455,9.139989852905273
0.560230540688003,9.15993595123291
0.38361174684845534,9.191850900650024
0.2890401993994412,9.207806825637817
0.14202226592370104,9.231744766235352
0.01690328637009087,9.251689672470093
-0.07721896214905491,9.266650676727295
-0.3521768125457254,9.311535835266113
-0.40448524685370446,9.32054328918457
-0.4610835485612822,9.330771207809448
-0.584006736192012,9.353710651397705
-0.699270075077999,9.378138780593872
-0.7342871001679722,9.38611650466919
-0.7910576025575328,9.400080680847168
-0.8383099612538715,9.413044214248657
-0.9054063593349375,9.434987306594849
-0.9704324206958004,9.466316223144531
-0.984778654343118,9.47728681564331
-0.9993324731972243,9.499228715896606
-0.996575726480359,9.518177270889282
-0.9875219732235146,9.530144691467285
-0.9698797721618552,9.544108152389526
-0.9223103055538403,9.568054437637329
-0.8538287923318083,9.59197998046875
-0.797304902507191,9.607937335968018
-0.5770375383331338,9.656808376312256
-0.48122948684614314,9.674760103225708
-0.20542382163859343,9.721633911132812
-0.049876043047263036,9.746567726135254
0.025460503455250014,9.758535861968994
0.1937893491726315,9.786460399627686
0.33889604280336194,9.810397863388062
0.3799139362480929,9.81738018989563
0.4596697125022314,9.831342697143555
0.5621169988887458,9.850289583206177
0.6422447474585105,9.866247653961182
0.7246065102367185,9.88420033454895
0.78232090150161,9.898163080215454
0.8339919041941807,9.912124633789062
0.904729056573466,9.935062885284424
0.9509656840657503,9.955010652542114
0.9715531545667522,9.966978311538696
0.9971275652736262,9.992908954620361
0.9950014765826497,10.020833730697632
0.9867729581216081,10.030807256698608
0.9492898464651083,10.055740118026733
0.8480684616172923,10.093640804290771
0.7588916129158226,10.117576837539673
0.6086590251029428,10.151484251022339
0.47711531251604655,10.176417827606201
0.07653448381842698,10.2432382106781
0.007529327448376721,10.25420880317688
-0.09906783237040541,10.27116847038269
-0.17370497735665882,10.283132314682007
-0.28368096286638117,10.301085233688354
-0.3900359195010135,10.31903600692749
-0.4859332094166079,10.335991859436035
-0.5865160488493223,10.354941606521606
-0.6506124208359735,10.367906093597412
-0.7059408197528242,10.379874467849731
-0.7967576480464399,10.401815176010132
-0.8566138323907895,10.418769121170044
-0.8930283811222595,10.430738687515259
-0.9195094291016571,10.440711736679077
-0.9504718761566058,10.454674005508423
-0.9726525422722125,10.46750783920288
-0.9892901377729835,10.482466220855713
-0.9988388807164637,10.513383626937866
-0.9880185888309428,10.530339479446411
-0.9497893761992477,10.556269407272339
-0.9161477819199285,10.571230173110962
-0.7760145335589342,10.614115476608276
-0.5999207517662802,10.653017282485962
-0.5432657371588688,10.663981914520264
-0.5058456892461948,10.670963287353516
-0.43381445483140685,10.683929443359375
-0.34124591025159745,10.69988465309143
-0.25131832209383215,10.714846134185791
-0.16535904022787287,10.728807210922241
-0.08438159357851352,10.741773128509521
-0.015401443233728402,10.7527437210083
0.047380202714116644,10.762717723846436
0.2458126216727266,10.79516887664795
0.3769655351920513,10.817115068435669
0.5009342992240278,10.839051723480225
0.590306049850074,10.856007814407349
0.6636128112644893,10.870968103408813
0.7684132345707675,10.89490270614624
0.8653848932621477,10.921830654144287
0.9086827441566097,10.936789989471436
0.9627832391394681,10.961735248565674
0.9916603382078142,10.984663248062134
0.9982504616843992,11.014582633972168
0.9901038173755523,11.027554750442505
0.9559838455038027,11.053480625152588
0.9192750383859501,11.071446895599365
0.8899131399050099,11.081418991088867
0.807649334351503,11.10635256767273
0.6783206845226032,11.137268304824829
0.555092947188122,11.162203311920166
0.47991226493101485,11.176165342330933
0.33091657302963434,11.20209789276123
0.24677867419306662,11.216088056564331
0.1731181098747148,11.228025913238525
0.05464746977816109,11.246976852416992
-0.10214682210664441,11.271909952163696
-0.18909976926470506,11.285871505737305
-0.4215602959940716,11.325103998184204
-0.6433953350505915,11.366991519927979
-0.824300353188064,11.409911632537842
-0.8915904638060473,11.430824518203735
-0.9412947330501218,11.450551271438599
-0.9761692497915639,11.471493482589722
-0.9950608061846029,11.48982834815979
-0.9954672455569017,11.520746946334839
-0.9865283519165466,11.531716346740723
-0.9728835710452218,11.543452024459839
-0.9564499481638512,11.553427696228027
-0.9294603485325975,11.566394329071045
-0.8877653320606722,11.582139730453491
-0.7819495937750387,11.612637042999268
-0.702189018650136,11.631563901901245
-0.6369592355721752,11.645525693893433
-0.5085908407718925,11.670843362808228
-0.4479466521673908,11.68181562423706
-0.33833534985189384,11.700763702392578
-0.2786108275983831,11.710737705230713
-0.1993625403018206,11.723703145980835
-0.1125483836288947,11.737664461135864
0.08805843659888243,11.769754409790039
0.2730601495161752,11.800419807434082
0.43713672134616266,11.828345537185669
0.6565024187506002,11.869744062423706
0.8541388365360592,11.918612957000732
0.9225404257329161,11.942550420761108
0.952861811613067,11.956511735916138
0.9810043021151553,11.974913358688354
0.9885814456017653,11.98189401626587
0.9966248212143458,11.992864847183228
0.9995239817183127,12.010818719863892
0.9877856572657753,12.030763864517212
0.9760594737956015,12.040737867355347
0.9531911620170872,12.05470085144043
0.9155446702663913,12.071654558181763
0.861156323788138,12.090604066848755
0.8020860152237139,12.107559204101562
0.7121949160523832,12.130498170852661
0.6430084428900512,12.14545726776123
0.5420040715365032,12.165403366088867
0.42678975503542116,12.186347246170044
0.298174909092626,12.208290338516235
0.21934201676110898,12.221285104751587
0.0953947327512204,12.241202592849731
0.020178643316876348,12.253169775009155
-0.11146785389097902,12.274138927459717
-0.21672647018416602,12.29106879234314
-0.3549868368408552,12.314006328582764
-0.5291342761463391,12.344923973083496
-0.5965696146747285,12.357890605926514
-0.6553002099377259,12.369603157043457
-0.7190956051228873,12.383565187454224
-0.8260484720085576,12.410680294036865
-0.8843500952401281,12.428632974624634
-0.9402146448754782,12.450581789016724
-0.9740714804054664,12.470023155212402
-0.9953632425128108,12.490997791290283
-0.9993683906074374,12.511910915374756
-0.9957651336258341,12.520886898040771
-0.9675765518271187,12.546836614608765
-0.9498177246250786,12.556790113449097
-0.8682642044202167,12.588706731796265
-0.7839311582040309,12.612642288208008
-0.708896672504782,12.630946159362793
-0.6248135171497784,12.648868322372437
-0.48409855481188363,12.675796508789062
-0.34133108399735435,12.700730562210083
-0.251406027106989,12.71569037437439
-0.11571287582896464,12.737630605697632
0.04728968992704554,12.763882160186768
0.12235992998682858,12.775848388671875
0.20903429413925206,12.789812326431274
0.2760359222911366,12.800784587860107
0.37105728876087507,12.816739559173584
0.4623355262331716,12.833407878875732
0.5062814924049429,12.841386079788208
0.5902329053723074,12.857052087783813
0.6493332092848771,12.869022130966187
0.7047476106369831,12.881218433380127
0.8215858989665815,12.910143375396729
0.8746277014068825,12.927103519439697
0.9033287028855188,12.936075448989868
0.9284682911937261,12.946049451828003
0.9660784632674714,12.964997053146362
0.9827797270229693,12.976964950561523
0.9997712211407477,13.009727954864502
0.9933267947696219,13.024686813354492
0.9806129339493841,13.037652969360352
0.9560104295810646,13.053610563278198
0.9241808288454495,13.068571090698242
0.8782189400448024,13.085525035858154
0.8002340003989372,13.10946011543274
0.7011187891615618,13.13339638710022
0.4854915336130383,13.176281929016113
0.4239890276353621,13.187251329421997
0.34872027666045985,13.200217485427856
0.2711285644551086,13.213184595108032
0.16701890031147498,13.230092525482178
0.07980038035335393,13.244045972824097
-0.014314191005169714,13.259005546569824
-0.07703827328388772,13.26897931098938
-0.18901078900449458,13.286930561065674
-0.29257128588040704,13.303884506225586
-0.42716472272412126,13.326825618743896
-0.4830674649557991,13.336796760559082
-0.558083760205573,13.350760698318481
-0.6576347018683126,13.37071943283081
-0.712485943431262,13.382674217224121
-0.7632927995760052,13.39464259147644
-0.8206769098482323,13.409603834152222
-0.8581599433724191,13.420572280883789
-0.8971676729975766,13.433538913726807
-0.9474584437626189,13.455479383468628
-0.9847471382416979,13.479084253311157
-0.9999327016491789,13.505014896392822
-0.9948595403638913,13.522972822189331
-0.9582900862908869,13.552917718887329
-0.8848993943072057,13.584081888198853
-0.7974142748540375,13.61001205444336
-0.753860428881166,13.620982885360718
-0.6932565742115753,13.634947299957275
-0.6418573675750306,13.645915985107422
-0.5512635880618815,13.66386866569519
-0.41403096045230103,13.688986778259277
-0.35021251146444055,13.699957132339478
-0.26661382932532346,13.71392035484314
-0.13756039786864485,13.734864473342896
-0.024955382744486332,13.752817869186401
0.11919794247104386,13.775789260864258
0.18744660392260754,13.787359952926636
0.26086877182549945,13.799328088760376
0.3913351700872909,13.821271181106567
0.4595087575514313,13.832557678222656
0.6564340634769472,13.871456384658813
0.7899712008093493,13.902372598648071
0.8605569084233925,13.922318458557129
0.9272805227196236,13.94625473022461
0.9876014194992688,13.982455492019653
0.9998103818025543,14.004426717758179
0.9922019430531188,14.027335166931152
0.9774252907764587,14.041300296783447
0.9300800260976646,14.067233324050903
0.7122585227563795,14.13057017326355
0.5886845936743774,14.156504392623901
0.5473467473391123,14.165481090545654
0.4662000676433601,14.18044114112854
0.3751055419521837,14.196397304534912
0.29826140029346015,14.209364414215088
0.1763436338148261,14.229311227798462
0.12668925863493613,14.237289428710938
-0.004849353684268371,14.258238554000854
-0.17970776580549253,14.286159753799438
-0.29552916072197694,14.305107593536377
-0.46922183065831985,14.335028648376465
-0.5812706504061445,14.3559730052948
-0.696859523305896,14.379908323287964
-0.79283653007401,14.402847051620483
-0.8295209594972528,14.41282057762146
-0.9358309482090146,14.449722051620483
-0.9740509757710935,14.470665216445923
-0.9933641168183045,14.488994598388672
-0.9989335722339154,14.499965906143188
-0.9993716065924243,14.512932300567627
-0.9849670716931295,14.534873723983765
-0.9574010439476995,14.553822755813599
-0.9211804841677905,14.571117162704468
-0.8456721279521497,14.597078084945679
-0.7878704053333891,14.613035440444946
-0.7221208518816299,14.628992795944214
-0.6100655215666985,14.652929306030273
-0.48417784161003335,14.676865100860596
-0.3649166527182012,14.697808504104614
-0.20257162485669347,14.72473669052124
-0.02813956592533669,14.752662897109985
0.09730252141206594,14.773329734802246
0.19664675669987156,14.789288520812988
0.3651339831217481,14.817042350769043
0.5007774402044692,14.84097933769226
0.6728219958786656,14.87488865852356
0.7642623346836728,14.895830392837524
0.8179374616392547,14.909793376922607
0.90860706854102,14.938715696334839
0.9374727129838584,14.950685739517212
0.9736892772880833,14.97162914276123
0.9963505496371703,14.994279861450195
0.999948999395732,15.006247282028198
0.9940413798986153,15.025197982788086
0.9841465516843153,15.036033630371094
0.9463593245954977,15.059970140457153
0.9038721410115219,15.077922344207764
0.8258657929149046,15.102855682373047
0.7144907276162554,15.131201028823853
0.6407048441518615,15.147158861160278
0.5759583060892421,15.1601243019104
0.48007125199154554,15.178378105163574
0.3132524557336235,15.207301616668701
0.12984825200628436,15.237252950668335
0.00461591809686434,15.25716781616211
-0.18275121175308273,15.28708791732788
-0.24409278090480016,15.297061443328857
-0.3401383968331811,15.313018560409546
-0.4327527854689197,15.32897663116455
-0.5316809597799272,15.34692907333374
-0.5939372903281012,15.35889744758606
-0.7255161314291222,15.387338161468506
-0.7985148673782358,15.404507637023926
-0.8613210075226999,15.422629594802856
-0.8915083810759568,15.432601928710938
-0.9454014064595454,15.454543352127075
-0.9672553526933055,15.466511964797974
-0.9858051703906777,15.481497764587402
-0.9967396940445922,15.49533200263977
-0.9965981670221395,15.521263360977173
-0.9757515114089099,15.543204545974731
-0.9448343766300581,15.561156749725342
-0.833763028962434,15.601086378097534
-0.688782690237266,15.636953115463257
-0.48146776524958673,15.677845478057861
-0.40838909849824245,15.690809965133667
-0.3385058851593405,15.702787399291992
-0.2424094316522514,15.718735456466675
-0.16248498677859433,15.73170018196106
-0.037599723070647656,15.751647472381592
0.03774244553615609,15.763615131378174
0.23034423140869273,15.79572868347168
0.37966246143037535,15.820465564727783
0.4705477221520298,15.836324691772461
0.5356450277027499,15.848291158676147
0.5977017751072301,15.860259771347046
0.7457043848823449,15.892048358917236
0.8540445754131416,15.920796394348145
0.9098952202131323,15.939737558364868
0.9546944747729789,15.959686517715454
0.9771372111482011,15.973646640777588
0.9996660387775995,16.00387716293335
0.9972160946819839,16.019834995269775
0.9812496034701028,16.038783311843872
0.902543896927003,16.0786771774292
0.8706692148911651,16.09064483642578
0.8311658898282726,16.101685047149658
0.8059279467825291,16.108598470687866
0.6807904520147959,16.138517379760742
0.5682694943506311,16.162453413009644
0.43827734279466335,16.18639612197876
0.2500396848233492,16.218002557754517
0.06427689896462996,16.247923374176025
-0.09879732291813972,16.273852109909058
-0.27135325140647004,16.301597356796265
-0.36653190160421595,16.317558526992798
-0.5811969141836449,16.357449531555176
-0.8188006725297388,16.410662174224854
-0.8842654787517765,16.430607795715332
-0.9422742810172545,16.45354723930359
-0.9830395524905903,16.478939533233643
-0.9999475467566701,16.509859323501587
-0.9977722165292651,16.51906132698059
-0.9860475509471079,16.535313844680786
-0.9609773484307428,16.55326509475708
-0.911153145103135,16.575552225112915
-0.8285504890019428,16.60324001312256
-0.7518832467873788,16.622880458831787
-0.6773496064922838,16.63983654975891
-0.6101373174373657,16.6537983417511
-0.4842571244326047,16.67773413658142
-0.3882703017935615,16.694687843322754
-0.263717289507216,16.715633153915405
-0.10340870497266146,16.74156427383423
-0.028230144285930108,16.753530979156494
0.20885706563770517,16.792426824569702
0.33564145472761286,16.813206911087036
0.422757639396861,16.828203678131104
0.5329525037272514,16.848117113113403
0.6586973250157535,16.873477935791016
0.7722442863647512,16.89940905570984
0.8214825697483634,16.912374258041382
0.9137441607315654,16.942291259765625
0.941739798834698,16.954293966293335
0.9609917896775461,16.96423578262329
0.9860562405970762,16.982187509536743
0.9973373961585364,16.99714708328247
0.9997750810916436,17.012108325958252
0.9892427863403067,17.03151226043701
0.9680230728173133,17.04862093925476
0.9560635741860783,17.055603504180908
0.9289722618450439,17.068567991256714
0.8956927043893042,17.081534147262573
0.8628627861962784,17.09250497817993
0.7732220534730027,17.118434190750122
0.7057112657169815,17.134392738342285
0.48564996328224663,17.177579879760742
0.34889012335371317,17.201514959335327
0.24704210055053183,17.219467639923096
0.04864734054614419,17.251381158828735
-0.1268309303756406,17.2793071269989
-0.2134387269386939,17.293269395828247
-0.3400531839236617,17.314215421676636
-0.5047509568248524,17.343137741088867
-0.563134016514138,17.35410761833191
-0.6479831437293585,17.37106156349182
-0.7034880073132573,17.383029460906982
-0.7591026015881276,17.395995140075684
-0.802225404653032,17.406996726989746
-0.8548249722577351,17.421951055526733
-0.9025663769887458,17.437915563583374
-0.9474004569645504,17.45683240890503
-0.9747264888764287,17.472790479660034
-0.9847155897973997,17.480769634246826
-0.996732378781738,17.495728254318237
-0.9999110618753027,17.51068902015686
-0.9935298203690306,17.526646852493286
-0.9743780900592203,17.54459834098816
-0.950865405843927,17.558561325073242
-0.8372634454810084,17.601111888885498
-0.7539794900375121,17.6230525970459
-0.697898619517223,17.636019706726074
-0.5721945021081289,17.661949634552002
-0.4027315918225618,17.692867755889893
-0.3088837835902836,17.708791494369507
-0.02513655461123163,17.754693508148193
0.050199689673494155,17.76663613319397
0.10653821938097754,17.77564311027527
0.19959128698529705,17.79059672355652
0.2788350150081326,17.803539276123047
0.38538110863811315,17.822486400604248
0.45376051541249796,17.83448600769043
0.5249197255037241,17.84742021560669
0.5976291254434003,17.86140489578247
0.6888205394965535,17.880332231521606
0.7661962299095872,17.89783525466919
0.8087247660730406,17.908779859542847
0.866795995394129,17.925732612609863
0.904574594816757,17.9386990070343
0.9527792979588149,17.959646701812744
0.9903584343936036,17.986570596694946
0.9992591386118961,18.002917528152466
0.9878279790266318,18.03382420539856
0.9761185646328683,18.043797492980957
0.9494037415468356,18.059754133224487
0.9052687365732235,18.0787034034729
0.8312162702211634,18.103145360946655
0.6990383869364886,18.136059761047363
0.5938952863968378,18.158032178878784
0.5527427252208332,18.165979385375977
0.4156450072740798,18.190911531448364
0.322312986256498,18.206868410110474
0.2562028247685782,18.21784019470215
0.139317199203562,18.236788511276245
0.07689587310859905,18.246761798858643
-0.004668127018211742,18.259727478027344
-0.13612420702822417,18.280699491500854
-0.24700488586185546,18.29862332344055
-0.33705598123045827,18.31358289718628
-0.41271079968309277,18.327545642852783
-0.4801170510365683,18.33851671218872
-0.5604989359080134,18.354475259780884
-0.6261675912277167,18.367440938949585
-0.7189066717686576,18.387386322021484
-0.7811016161388149,18.40234613418579
-0.8628433742674517,18.425286769866943
-0.9969775786037389,18.497092723846436
-0.9916302259274006,18.530004739761353
-0.9374545397370546,18.565908193588257
-0.8556702178596124,18.595828533172607
-0.8069233221356805,18.609793663024902
-0.7477882322086373,18.624751091003418
-0.6587262206663083,18.644697904586792
-0.5951758898918604,18.658389806747437
-0.5276608613064534,18.671355724334717
-0.3709246573312516,18.699279308319092
-0.23339194208167993,18.72197389602661
-0.14710867929627425,18.735907793045044
-0.05341907085272492,18.75086808204651
0.02191373613110359,18.76283550262451
0.13454620623505428,18.780788898468018
0.3236981653426217,18.811705350875854
0.40552718227493484,18.825667142868042
0.5006205647374524,18.843619108200073
0.7134121164329157,18.885507106781006
0.791754218422983,18.90500569343567
0.8456999911459793,18.919965744018555
0.9137073412672938,18.9432954788208
0.9395779960996845,18.954267024993896
0.9951821714205641,18.99415946006775
0.999739159436419,19.006454944610596
0.9996246663989118,19.014468908309937
0.9918345963229763,19.030396699905396
0.9680458004679383,19.050342798233032
0.9169297184637311,19.07527470588684
0.8691876753607328,19.092230081558228
0.7928047107401853,19.114173650741577
0.6262681808284843,19.152260303497314
0.5553943985834146,19.16622304916382
0.5075312470486598,19.17519783973694
0.4185400164171617,19.191155195236206
0.31938190867552824,19.208109140396118
0.15489104183513505,19.235037326812744
0.02991270058047209,19.25498390197754
-0.1454055205108426,19.282909631729126
-0.2560781096711484,19.300862312316895
-0.40980733523150503,19.326792240142822
-0.5733942416017145,19.35671305656433
-0.7078733449881951,19.3846378326416
-0.8096073337895621,19.41034698486328
-0.8481921343010188,19.42131781578064
-0.9078647738940986,19.44126319885254
-0.9532343377023265,19.46121096611023
-0.9887660726982059,19.486160039901733
-0.9994852721016021,19.515347719192505
-0.9894876182170277,19.53330111503601
-0.9771453756753511,19.54426884651184
-0.9448937223033034,19.563357830047607
-0.9150491726543486,19.57632279396057
-0.8850259812771084,19.587294578552246
-0.8407298820058734,19.60125708580017
-0.7860728331923428,19.61624050140381
-0.6420657996652249,19.6492977142334
-0.5089028862317523,19.675228118896484
-0.32683226612713256,19.70714282989502
-0.16885691631536134,19.733073711395264
0.025007575934495926,19.763990879058838
0.2606063318769139,19.80189037322998
0.4026134948275244,19.826302528381348
0.46483671600138865,19.837275743484497
0.519486750868743,19.847249269485474
0.5925092481863121,19.86121368408203
0.6795948321527907,19.87916350364685
0.7155772863869276,19.887142658233643
0.8012193218454664,19.908106088638306
0.8667508058151322,19.92705225944519
0.9199567650203327,19.9460027217865
0.9683892048626742,19.9699387550354
0.9809339260168425,19.978914260864258
0.9954808186668554,19.99490237236023
0.9998050512411268,20.006840467453003
0.9929972676454072,20.030312299728394
0.95330069505258,20.059224367141724
0.9181961574449701,20.075212240219116
0.8242194846706068,20.106098413467407
0.7509519510100661,20.12504816055298
0.6139874222342614,20.15497088432312
0.4775134414676208,20.180898666381836
0.3811708888381409,20.19786238670349
0.07698621885451681,20.24772047996521
0.02054102562033851,20.256696224212646
-0.08611075351263435,20.273650884628296
-0.15467405514241256,20.284652709960938
-0.24691707824403314,20.299583196640015
-0.34287669930084097,20.315537691116333
-0.4183405354550261,20.328505277633667
-0.5962786811698868,20.36241340637207
-0.6454845502691128,20.372386932373047
-0.7144638573138171,20.38734769821167
-0.7610547413474886,20.39831852912903
-0.8397472303671758,20.418576955795288
-0.911755285661098,20.442758321762085
-0.9647620456914614,20.46769118309021
-0.9862901369631395,20.4846453666687
-0.9964624191206752,20.496612787246704
-0.9924326104699875,20.52969193458557
-0.9692329319687529,20.549636840820312
-0.9137965723582001,20.576565980911255
-0.8715403623108101,20.59152388572693
-0.768321826046516,20.621444940567017
-0.658794394640381,20.646379470825195
-0.5116422885569055,20.675302267074585
-0.46784873799245014,20.683281183242798
-0.3826428203554421,20.698240518569946
-0.2940439781615124,20.713199615478516
-0.22736905828036716,20.72417116165161
-0.15960955411335317,20.735141277313232
-0.05350955561166736,20.752095460891724
0.015544249978980242,20.763066291809082
0.11576473444854199,20.77902317047119
0.20253401606302232,20.79298710823059
0.341380157477895,20.815924644470215
0.43394313500744114,20.831881523132324
0.5433856409175898,20.851829051971436
0.5797524808179542,20.858811616897583
0.6632738109266479,20.875765323638916
0.7476423912348452,20.894715070724487
0.8388813906053318,20.91865110397339
0.8682901044702424,20.92765998840332
0.9211655387842318,20.94657588005066
0.975040832450838,20.97450041770935
0.9938622668557017,20.993450164794922
0.9995733759100552,21.006415843963623
0.9964884442643881,21.024366855621338
0.940196861958878,21.06625485420227
0.8753734632851702,21.091219425201416
0.7693402509629047,21.120798110961914
0.7447284006671171,21.127084255218506
0.6832525037321397,21.141204595565796
0.5914757018967686,21.160155534744263
0.48580837700084123,21.180131196975708
0.42431726563460526,21.191071271896362
0.29556584997637897,21.2130126953125
0.22891970912104082,21.22398352622986
0.12388865309275768,21.24093985557556
-0.007672147165680713,21.261881828308105
-0.11418264265553374,21.278836250305176
-0.20712197652402733,21.2937970161438
-0.28621306998632334,21.306762218475342
-0.3339699484601423,21.31474018096924
-0.45501781713314693,21.33568572998047
-0.5367599096743754,21.350646018981934
-0.746583759766797,21.39457058906555
-0.8095541423868148,21.410526752471924
-0.861182862795284,21.42648434638977
-0.9155656685242972,21.445433855056763
-0.9532069472125492,21.462388038635254
-0.9703010461259742,21.47236156463623
-0.9943698824560115,21.49430251121521
-0.9992675673335897,21.51823925971985
-0.9855583801427132,21.538187265396118
-0.9489595265156386,21.562122583389282
-0.9176001250791506,21.5759539604187
-0.8761423168384305,21.590914011001587
-0.8161753399591624,21.608866214752197
-0.7861288417710105,21.617356777191162
-0.6658857457671183,21.645275592803955
-0.6128011467554774,21.656249284744263
-0.5251066543564944,21.67320156097412
-0.42575889634156405,21.691153287887573
-0.3030775350208041,21.71209740638733
-0.2059558822707378,21.728055000305176
-0.06295876407016968,21.750993967056274
0.03119450741220093,21.76595377922058
0.12507117469710713,21.780913591384888
0.3205968867531795,21.812829732894897
0.44799332998299085,21.834676265716553
0.5771541791972669,21.858611583709717
0.7370936666892682,21.89252257347107
0.804907499049941,21.910473108291626
0.8877893626847374,21.93540644645691
0.9271447696206091,21.950367212295532
0.9865368915410426,21.98530411720276
0.9989896151493887,22.00422215461731
0.9993272453230617,22.017195224761963
0.9914470086370334,22.032055616378784
0.9623373719617351,22.055025577545166
0.9324996426737227,22.069952964782715
0.8943933643142566,22.084944486618042
0.8382320860132794,22.102864742279053
0.7592455583775063,22.123809576034546
0.7212692966667037,22.13278579711914
0.6576636331959489,22.146747589111328
0.6090903130663612,22.1567223072052
0.5370980881136774,22.170684337615967
0.48859007435177604,22.179692029953003
0.3579141328340292,22.202598810195923
0.21978403283874381,22.225537061691284
0.077076563968332,22.249473333358765
-0.004486900198821648,22.262439012527466
-0.17935119736425215,22.290363788604736
-0.36042820752068044,22.320285320281982
-0.5180476993128683,22.348209381103516
-0.5911524299522893,22.36217188835144
-0.7187806866837289,22.389100551605225
-0.8257930363872503,22.416059732437134
-0.8530731806480255,22.42400622367859
-0.8870552182470651,22.434978723526
-0.9288909422088246,22.450936555862427
-0.9483288906287687,22.45991086959839
-0.985218848010861,22.48384714126587
-0.9982535473200316,22.5017991065979
-0.9998679620931334,22.51376748085022
-0.9871170246590585,22.536705493927002
-0.9627691269226744,22.554658889770508
-0.9163655780269494,22.576598405838013
-0.8621944456032438,22.595548629760742
-0.8251715014792369,22.606642246246338
-0.7561866837872758,22.624595165252686
-0.7180146722358324,22.634567975997925
-0.5171054918315032,22.675458431243896
-0.40006313985737557,22.696402072906494
-0.31208393874818013,22.711364269256592
-0.11616289231571227,22.743278980255127
0.06564701867812904,22.77220058441162
0.12814096347206536,22.781630516052246
0.20244527883440347,22.79360294342041
0.34129498534686586,22.81654143333435
0.505890725709744,22.847458124160767
0.5538109656612759,22.855438232421875
0.6393820167405808,22.87338924407959
0.7176725040235026,22.8893461227417
0.8177288835630179,22.914278984069824
0.9110626191757839,22.944198608398438
0.9498057107292197,22.961153745651245
0.9790320548445179,22.979105949401855
0.9963195464098541,22.998056411743164
0.9999912551783676,23.011020183563232
0.9947434952454381,23.028001070022583
0.9830798081907075,23.040940523147583
0.9614914480365584,23.055901527404785
0.9423478008459989,23.065873861312866
0.8784355354794408,23.090808391571045
0.8116541758580558,23.11075448989868
0.7103380635096705,23.135687351226807
0.640983092267671,23.15064811706543
0.5344850857030914,23.171592235565186
0.42439931642596157,23.191540002822876
0.23511646652162335,23.22444987297058
0.04264545525017656,23.255366563796997
-0.09535650295010034,23.277307510375977
-0.1700314739575231,23.28927707672119
-0.2498270217322806,23.302252769470215
-0.38659955993166967,23.32495093345642
-0.4771611956851743,23.341416835784912
-0.5419717966066756,23.353384256362915
-0.7252666386986699,23.39128303527832
-0.8020630789132113,23.410233736038208
-0.8546838768335235,23.42519235610962
-0.902449301404231,23.44114923477173
-0.947313418425015,23.460100173950195
-0.9687403117474309,23.472066640853882
-0.9823996596963325,23.482041835784912
-0.9980603113996431,23.501988172531128
-0.9955188057044567,23.52742099761963
-0.9652846700222937,23.554338455200195
-0.9099863106592396,23.580270528793335
-0.8304812418429566,23.606200695037842
-0.7070310333489978,23.6371431350708
-0.4762728538547449,23.682994842529297
-0.31510856592603204,23.710920572280884
-0.2609933215034417,23.71989893913269
-0.13800914834922318,23.739842414855957
-0.03168574111058033,23.75682830810547
0.01854789083276884,23.764777183532715
0.14365026292236818,23.784725666046143
0.242196342996352,23.800679922103882
0.3145560758027023,23.81264853477478
0.4139135155971037,23.83047080039978
0.4867705828421905,23.843466758728027
0.5563850821388568,23.856400966644287
0.674840801800292,23.880337715148926
0.8048537251574375,23.911254405975342
0.863510253347335,23.92821168899536
0.9123340972832288,23.944676160812378
0.9617686948446668,23.96764612197876
0.9854750364242708,23.984598398208618
0.9975392797849597,24.000528812408447
0.9980963800600596,24.022467613220215
0.9825082226708431,24.04192876815796
0.9588727435067035,24.05788564682007
0.9106455314360523,24.079827070236206
0.8646050022346826,24.095783710479736
0.798647062069315,24.114733695983887
0.7081564329454159,24.136775493621826
0.5991537369724346,24.159727334976196
0.47214606462949,24.183632135391235
0.3638554195483135,24.20258140563965
0.25646558508238715,24.220533847808838
0.17060506010801443,24.234527587890625
0.05837050234142657,24.253445625305176
-0.029512015255703967,24.26741123199463
-0.14207394599062811,24.285359859466553
-0.26495408081634914,24.305306434631348
-0.33088033164042374,24.31627655029297
-0.4181759203062516,24.331238269805908
-0.4963214205122906,24.345200777053833
-0.5809019215778899,24.361191272735596
-0.6920147534877564,24.3840970993042
-0.8396488134570889,24.42099690437317
-0.8898956216318341,24.436954736709595
-0.9311653952436979,24.45291304588318
-0.9872782105366971,24.486823320388794
-0.9997684531788418,24.50876259803772
-0.9871315188981464,24.53768539428711
-0.9722903700210896,24.549687385559082
-0.9593235801522723,24.5576331615448
-0.926166195489842,24.573589086532593
-0.8716292087458858,24.593535661697388
-0.8252226845374794,24.608495235443115
-0.7521221642319039,24.627476930618286
-0.6867993389305261,24.642404556274414
-0.6252379208074571,24.655370712280273
-0.5852564964542663,24.663349628448486
-0.48457421595423683,24.68229842185974
-0.38281025062281415,24.700253009796143
-0.2519322138107611,24.722191095352173
-0.17217414754913227,24.73515748977661
-0.07875471450630399,24.750118494033813
-0.016035665373194573,24.760090112686157
0.06555659951308745,24.77305579185486
0.20850258806139535,24.795994520187378
0.35885756725726975,24.820927619934082
0.5058125599065935,24.846859455108643
0.639312341711527,24.872790336608887
0.6953908562695397,24.884756565093994
0.8488910126287214,24.92365312576294
0.9030953557486379,24.94160532951355
0.9642937771888099,24.969558715820312
0.9880126608888806,24.98848032951355
0.9977514709857835,25.002442836761475
0.9994420273647917,25.01939868927002
0.9947527699031801,25.029370546340942
0.9741006616706837,25.04931640625
0.9381019555894765,25.069263458251953
0.9040658735730717,25.083227396011353
0.8043074200239235,25.114144325256348
0.6879560829930467,25.142069816589355
0.6116851763701104,25.158027410507202
0.5345616687630462,25.172987699508667
0.42448136373259115,25.19293451309204
0.27165184573753776,25.21886396408081
0.11159606815467538,25.244810581207275
-0.03888119062463249,25.268730401992798
-0.21308460779467073,25.29665517807007
-0.4095593524203521,25.329569101333618
-0.5152428594167411,25.34851837158203
-0.6759484900106104,25.380852699279785
-0.7380467598349503,25.39529252052307
-0.7982420474961996,25.4102566242218
-0.8413256096475459,25.42222237586975
-0.9050983617401677,25.442869424819946
-0.9389380810249164,25.456833124160767
-0.9846523958842823,25.485315799713135
-0.9990520517890059,25.505679845809937
-0.9999158301899362,25.514654874801636
-0.9886008789608456,25.536864042282104
-0.9772031258345666,25.546837091445923
-0.949016670083521,25.56379246711731
-0.902052609512568,25.584370374679565
-0.8270175804788509,25.60820436477661
-0.7664537651394143,25.62416172027588
-0.7159205129027756,25.63612961769104
-0.6518501968915834,25.649806022644043
-0.49828679142603166,25.679765462875366
-0.3799494613162499,25.70067000389099
-0.2610807941522345,25.72061824798584
-0.1318763849097962,25.741560459136963
0.03728969269563161,25.76948595046997
0.18691252703893627,25.794419050216675
0.24819677623815498,25.80339479446411
0.3500067787614518,25.820351362228394
0.4309076339441381,25.83431601524353
0.5030622142723206,25.847371339797974
0.6416889317738967,25.87429976463318
0.7327118736321571,25.894246101379395
0.8370441868207432,25.92119312286377
0.8877059375913239,25.93715000152588
0.9507412206522925,25.962733030319214
0.9796395858490665,25.980684757232666
0.9965725502354776,25.999634742736816
0.9962402698550223,26.026562213897705
0.977540017044604,26.04650902748108
0.9279574605309102,26.074434518814087
0.8484523614822295,26.102360725402832
0.7674757532121301,26.124301195144653
0.662517190789742,26.1477313041687
0.4499365709911087,26.18862271308899
0.346328272640382,26.206573247909546
0.3047675066450334,26.213555097579956
0.15210164606895923,26.239484548568726
0.06472902724160103,26.253448486328125
-0.10459403327743871,26.280375719070435
-0.24056284820321028,26.30231761932373
-0.5285959415801201,26.35230827331543
-0.6209747677696371,26.37026309967041
-0.7401313649676265,26.39564275741577
-0.8594667916389922,26.427557468414307
-0.8898542829512629,26.4375319480896
-0.9442093738774912,26.4604709148407
-0.990948291168925,26.492384433746338
-0.9924659535547797,26.53327512741089
-0.953862158268854,26.5621976852417
-0.8777601960135208,26.59311556816101
-0.8071373568599962,26.61405873298645
-0.569951613868308,26.66691780090332
-0.45135833578155377,26.6888587474823
-0.17844609025513428,26.734769821166992
-0.04750907665595774,26.755680084228516
0.027829439480177097,26.767648458480835
0.10300998340606884,26.77961778640747
0.28747837568512774,26.80953812599182
0.4728769768179071,26.842479467391968
0.5795309636579214,26.86239504814148
0.6862443221748016,26.88433837890625
0.7262376369440898,26.893311977386475
0.7759331527306104,26.905280113220215
0.8247913154434975,26.918245315551758
0.8712548016079644,26.932239294052124
0.9030564386038104,26.94317889213562
0.998147184702008,27.00401782989502
0.9997845873090924,27.016981840133667
0.9941004966031127,27.030944108963013
0.9402894255500951,27.068867206573486
0.8755048527431514,27.0937762260437
0.7490848733548294,27.12944793701172
0.7060321944364609,27.13943862915039
0.655466098438411,27.150397062301636
0.6117568589948569,27.15920615196228
0.5239821387882461,27.17616033554077
0.4074313681835819,27.197104454040527
0.28982082316055147,27.21705174446106
0.18001295428068184,27.235010623931885
0.07417144389290435,27.25245189666748
0.005159597750778966,27.26342487335205
-0.3158955414231185,27.315285205841064
-0.4379169965938322,27.336230278015137
-0.5365305263173464,27.35418128967285
-0.6712399881594477,27.381108045578003
-0.794388619752927,27.410032033920288
-0.8513117206879912,27.42598843574524
-0.9492492746241024,27.462889194488525
-0.9717369010067348,27.475854635238647
-0.993654280336307,27.4958016872406
-0.9961090195034058,27.52763867378235
-0.9700780995893851,27.55357527732849
-0.9450123205459889,27.566543102264404
-0.9100614400816001,27.581502199172974
-0.8542530352956809,27.602444410324097
-0.8163323819004751,27.612417936325073
-0.7332927418646575,27.633362293243408
-0.6846127375733451,27.644333362579346
-0.6179654668171055,27.658295392990112
-0.5038000434889799,27.68023657798767
-0.4031462552986421,27.698188543319702
-0.2062218897668304,27.73110318183899
-0.0004722742159613737,27.764013051986694
0.09984110381368316,27.779969930648804
0.2541877014654187,27.804903268814087
0.3499218945803857,27.82086205482483
0.4700679178052129,27.841806173324585
0.6367899052254755,27.873720407485962
0.6839239442999715,27.883692979812622
0.7699276243436547,27.903639554977417
0.8818105801815409,27.93555450439453
0.9096695439870606,27.945526838302612
0.9783407237864981,27.981432676315308
0.9864923981803115,27.988415002822876
0.9965650502210135,28.00137996673584
0.999337178247524,28.0203275680542
0.9888529110532944,28.03827953338623
0.9734170007279007,28.051244974136353
0.9552858232335972,28.062249183654785
0.9303128536955673,28.07418441772461
0.8800392903119955,28.09316349029541
0.8208541437077295,28.111085891723633
0.7257919486417166,28.134750604629517
0.6578683914691326,28.149709939956665
0.5942597408749274,28.16267704963684
0.5478774870572395,28.171653509140015
0.45561674639772204,28.188607931137085
0.35229756303629917,28.208225965499878
0.18314530852565164,28.235154390335083
0.00834483096987301,28.263080596923828
-0.0857496367499836,28.278040885925293
-0.24656582750565884,28.303971529006958
-0.32477618208758924,28.316936492919922
-0.4686615979942098,28.34186863899231
-0.5496749409287556,28.356828927993774
-0.6307001242618181,28.372786045074463
-0.7886037996439638,28.408690214157104
-0.8184884333113499,28.41666841506958
-0.9191885649599397,28.449580907821655
-0.9909361226555525,28.49346423149109
-0.9996085502364819,28.510448694229126
-0.9991555654357457,28.521419763565063
-0.9946073790626618,28.53136157989502
-0.9871604830603095,28.54033875465393
-0.9737805474672607,28.551310777664185
-0.9500442312511768,28.565271377563477
-0.9113770460329672,28.582226276397705
-0.8559046044127385,28.601176261901855
-0.7765286419838945,28.623117446899414
-0.7094077776080207,28.63907504081726
-0.5386698934785195,28.67401647567749
-0.43454910414486775,28.692965030670166
-0.294390392717683,28.716902017593384
-0.15996735443384286,28.738842248916626
-0.016216870524921535,28.761781454086304
0.23892867180165095,28.80270218849182
0.2813708909277626,28.80965304374695
0.37621004449048584,28.825610160827637
0.4672540894019856,28.84156894683838
0.5377974628381446,28.85456395149231
0.6245712535422966,28.8724844455719
0.7086778166793437,28.890437364578247
0.799091405272731,28.91240906715393
0.8618075138682157,28.930272579193115
0.908341968895812,28.9461989402771
0.9415567949983462,28.960185766220093
0.9590821572821577,28.9691379070282
0.9879846678672122,28.99008297920227
0.996816560511443,29.00205111503601
0.9994480641917787,29.02000403404236
0.9902179369115282,29.036956310272217
0.9465640869267883,29.067479848861694
0.9014425034045498,29.08642864227295
0.8006685127570363,29.117345571517944
0.678919682022501,29.146267652511597
0.5079215767139703,29.180179119110107
0.36698912990827803,29.205110788345337
0.27182625499515783,29.221099138259888
0.08678094065095275,29.250990390777588
0.017809293436794337,29.26246953010559
-0.08883251540111856,29.279422521591187
-0.20061903839750936,29.297374963760376
-0.3098447715418326,29.315326690673828
-0.3921335576635619,29.32928967475891
-0.48243261484841315,29.34524703025818
-0.5574820904081386,29.35921049118042
-0.6711728184075879,29.382148504257202
-0.766869881724869,29.40408945083618
-0.8019006939019965,29.413065433502197
-0.87350180748518,29.43401002883911
-0.9154198394205664,29.448970556259155
-0.9549792304350609,29.466922283172607
-0.9995143620253178,29.50980854034424
-0.9886281485148851,29.53873062133789
-0.9548406168934206,29.562665224075317
-0.8852368142173698,29.591588258743286
-0.7902169236331777,29.61951494216919
-0.7116491739224463,29.639460802078247
-0.5828916387129649,29.66641926765442
-0.4598647558004088,29.68932843208313
-0.3859181721815115,29.702348709106445
-0.2854183321624773,29.719247102737427
-0.15070649228946384,29.741188287734985
-0.013122511946712769,29.763129711151123
0.06219694038156916,29.7750985622406
0.21748505861664538,29.80003070831299
0.2963580294108729,29.81299591064453
0.3557132408328423,29.822969436645508
0.5768581457896997,29.86289405822754
0.6699913321119629,29.881812572479248
0.7577101751786314,29.901758909225464
0.8193504657762629,29.91771674156189
0.8989107921541056,29.942649841308594
0.9581754439237214,29.9685800075531
0.9970585241740324,30.00348711013794
0.9922920362409412,30.035402059555054
0.9734377510485236,30.052355766296387
0.9183755367210216,30.080281972885132
0.8418357897733573,30.10624122619629
0.7911919424976929,30.120174884796143
0.7386837641785844,30.13316559791565
0.6994270649503369,30.14210796356201
0.6388138488865901,30.155072689056396
0.5374037928487464,30.175053119659424
0.44448166526633087,30.19153070449829
0.3815897166604866,30.20349931716919
0.20172180041881577,30.23342204093933
0.1584844781106147,30.24039936065674
0.0021555405132534736,30.2653329372406
-0.12313117784452375,30.285281896591187
-0.19133731882367597,30.296250343322754
-0.3365440592936218,30.320185899734497
-0.44624453347993226,30.33913540840149
-0.5755564646522456,30.36307191848755
-0.7228821716775148,30.393989324569702
-0.7728527979927944,30.40595769882202
-0.8719467046372179,30.433882474899292
-0.9191528756476236,30.450836658477783
-0.957718440985394,30.46878933906555
-0.9891574687431421,30.49172806739807
-0.9999538422642199,30.51666021347046
-0.9946167727681108,30.531620979309082
-0.9765804319563954,30.549572467803955
-0.952013305417069,30.564554691314697
-0.9190046005947344,30.57951545715332
-0.895266138855761,30.58948850631714
-0.8460587947967995,30.605446100234985
-0.8182201128813329,30.613424062728882
-0.7355161449623828,30.634369134902954
-0.6400383642733585,30.655312061309814
-0.48481199282013004,30.685232639312744
-0.3946328126992934,30.701189756393433
-0.31838770424148966,30.714154958724976
-0.1786244072650203,30.73709535598755
-0.08528447065502905,30.75205397605896
0.04647505745932445,30.772998571395874
0.1897738485527715,30.795936107635498
0.3231837032176999,30.817877292633057
0.48923448367151,30.84679889678955
0.5895743870573467,30.86574935913086
0.686112490372204,30.88569736480713
0.7914219962796143,30.910629510879517
0.8742320459428553,30.934596061706543
0.9002623685340216,30.943540811538696
0.9350116105659734,30.957510232925415
0.962537936181614,30.972464323043823
0.9776573562464818,30.98243761062622
0.995128719672328,31.000390768051147
0.9999896736750904,31.015349626541138
0.9970296153764293,31.028315544128418
0.9842748619362922,31.044272422790527
0.9598482762263603,31.061258792877197
0.9424690299081363,31.07020401954651
0.9041820240335441,31.08616018295288
0.8694563900862777,31.098129272460938
0.7736241302835886,31.125098943710327
0.7105931363759879,31.140016078948975
0.6217858271700863,31.15896701812744
0.44170735273120965,31.192875623703003
0.3019913558699797,31.216811418533325
0.08687121280361662,31.251598119735718
-0.04488406653974469,31.27254366874695
-0.12620172677851293,31.285507202148438
-0.27975523067452707,31.31142258644104
-0.3920501991530233,31.330135107040405
-0.504203285883984,31.350083112716675
-0.6330285198135396,31.375017642974854
-0.68951496378894,31.38698673248291
-0.7708275314249828,31.405933618545532
-0.8308420921505613,31.422887086868286
-0.9022930968866842,31.445826292037964
-0.9716941030188683,31.477742195129395
-0.9823318913491662,31.48572039604187
-0.9943217707404725,31.49947452545166
-0.9987310539923129,31.524408102035522
-0.9620269427117,31.56031322479248
-0.9274644034863114,31.577266216278076
-0.8510666764346693,31.604194164276123
-0.7543960090458088,31.630025148391724
-0.5308247978166499,31.676978826522827
-0.27948097710334735,31.72085952758789
-0.06967700046005383,31.754769563674927
0.13085019254649602,31.786686897277832
0.29026763005707684,31.812618494033813
0.40211576131046933,31.831567764282227
0.4809575019947085,31.84553027153015
0.5560838708082106,31.86048936843872
0.6414804139398916,31.877444744110107
0.6791958902724949,31.885422706604004
0.7282373945177341,31.896393299102783
0.8008938775311611,31.91434597969055
0.8536672504513397,31.92930555343628
0.890456119565202,31.941301822662354
0.9221903658072119,31.95324182510376
0.942564481614351,31.96221899986267
0.9666645446553729,31.97518301010132
0.9864626954393582,31.99003767967224
0.9954290415624165,32.001009702682495
0.9999883347503421,32.016966581344604
0.9930613505053575,32.03491735458374
0.9641459843502105,32.05885457992554
0.9392937630896852,32.07181930541992
0.9055380302925214,32.086307764053345
0.8350403702984012,32.1092472076416
0.7595403414945895,32.12919497489929
0.638883561448353,32.156121492385864
0.5532712095640384,32.173075914382935
0.45017932668187316,32.19202542304993
0.37586139813813146,32.2050244808197
0.22022600380042037,32.230921030044556
0.014805615574355443,32.26383304595947
-0.035426429053898395,32.271812200546265
-0.1230412525186738,32.28580617904663
-0.21584177462393742,32.300734758377075
-0.3246047722820044,32.318687915802
-0.4235438620838092,32.33564376831055
-0.5122768556123443,32.35159873962402
-0.6354211745240469,32.37553429603577
-0.7007682597663611,32.390496253967285
-0.7566106163814919,32.403459310531616
-0.7923392549419274,32.412463426589966
-0.8528366841832178,32.4293909072876
-0.8868459605708376,32.4403612613678
-0.9377429148298634,32.460341930389404
-0.9694144998446966,32.47726273536682
-0.9978331666742926,32.50618529319763
-0.9952567197081393,32.5321159362793
-0.9840084259495179,32.54508113861084
-0.9332365473784549,32.575002670288086
-0.8924914405493322,32.59096002578735
-0.8072978133173456,32.61688995361328
-0.7523609828660567,32.63085222244263
-0.5753228493394716,32.668768882751465
-0.5174932327135725,32.67975211143494
-0.42904820966690815,32.6956787109375
-0.3125143496153748,32.715625047683716
-0.1725311809199978,32.73856449127197
0.008721079314577693,32.76848530769348
0.11522468659643671,32.785439014434814
0.21428638941377495,32.80139636993408
0.32903471548370217,32.82034516334534
0.3991972945849485,32.832313776016235
0.45595165359533424,32.8423171043396
0.5270123017714883,32.85624861717224
0.6046140163391543,32.870243072509766
0.6814640058730286,32.886173725128174
0.8210689831030017,32.92010760307312
0.8918601524384862,32.94201970100403
0.9209538157761695,32.95299053192139
0.9802024092751892,32.984904766082764
0.9993508047079344,33.010836124420166
0.980790094499791,33.04773831367493
0.9633201226717208,33.060702085494995
0.9403819196551854,33.07170128822327
0.9221149218105478,33.079681396484375
0.8816330711724066,33.09461188316345
0.8119187491106259,33.11555814743042
0.6882190921220925,33.14647459983826
0.6267625603747689,33.159438133239746
0.5559217629289316,33.17276644706726
0.5188553892638937,33.17974781990051
0.4134059584232403,33.19869685173035
0.2840653344387535,33.22063732147217
0.061911843205543535,33.257229804992676
-0.13233916930527312,33.28814506530762
-0.3393713801884679,33.32205510139465
-0.4149506263881814,33.335020542144775
-0.5149321835271689,33.35297250747681
-0.656951800498174,33.380898237228394
-0.7627070697660542,33.40483856201172
-0.8967670700455959,33.44373416900635
-0.9227702183256452,33.45371055603027
-0.9451353044049361,33.463682651519775
-0.9745642856427629,33.48063588142395
-0.9895941800690582,33.49360108375549
-0.9990362078216909,33.50955843925476
-0.9995054200328938,33.52152633666992
-0.9913095625862313,33.53848195075989
-0.9620516723595848,33.56145119667053
-0.9321202732046199,33.576380014419556
-0.9127574522664146,33.5843710899353
-0.8640318555973056,33.60088229179382
-0.801729998881295,33.61883330345154
-0.7585624683184513,33.62983536720276
-0.6939093389156012,33.64476442337036
-0.6231032597878017,33.65972423553467
-0.4262507805501753,33.696533203125
-0.2614306633030062,33.725454330444336
-0.19418259682264594,33.73642611503601
-0.057232825892229125,33.758368730545044
0.08706550716337846,33.78130531311035
0.32602510899847337,33.81970977783203
0.5135662591315725,33.85262179374695
0.5818291336344852,33.86558938026428
0.6698567825420656,33.883540630340576
0.7018390070987545,33.89052200317383
0.8568744269888592,33.93141150474548
0.9245663465281161,33.95534801483154
0.9616445165057712,33.97330021858215
0.984309294624309,33.98925805091858
0.9948004266775019,34.001224994659424
0.9996446314098377,34.013193130493164
0.9957101739654599,34.03214168548584
0.9859178900671994,34.04410982131958
0.9720233313427441,34.0550811290741
0.9414605349428079,34.072035789489746
0.9108326420081975,34.08500528335571
0.8453055364089995,34.106942653656006
0.7677080662723422,34.127885818481445
0.6437714994757678,34.15581297874451
0.5637646335662915,34.171769857406616
0.4105861205925122,34.19969415664673
0.3051127007864603,34.2176468372345
0.1834125468392113,34.23759388923645
-0.03533587142924802,34.273499488830566
-0.08547879178251927,34.28147530555725
-0.17881630053766928,34.296436071395874
-0.2766086167441704,34.31239986419678
-0.36577300692980147,34.32735300064087
-0.41205039380477565,34.335331439971924
-0.5121990320521145,34.353283643722534
-0.5702607398575438,34.36425423622131
-0.7096090726590812,34.3931770324707
-0.7524297648693791,34.4031503200531
-0.7961000791698071,34.414122104644775
-0.8656379831509571,34.43407344818115
-0.9114945735670851,34.45002579689026
-0.9662321810228305,34.47595548629761
-0.9828896627042728,34.48792314529419
-0.9958575298733456,34.50288414955139
-0.9939663137561341,34.53479862213135
-0.9752501114248521,34.552751541137695
-0.9332690978885901,34.575690269470215
-0.8838778886151716,34.594637632369995
-0.8110409874206972,34.61657977104187
-0.7270733002161307,34.63752365112305
-0.5805218332317613,34.66943860054016
-0.42913005818791977,34.69737505912781
-0.38322877127256066,34.705376386642456
-0.31260042409353744,34.71731185913086
-0.23409677540998605,34.73027515411377
-0.10421982763392819,34.751219272613525
-0.02276745708614914,34.76418685913086
0.10889420863609886,34.7851288318634
0.1957582254922376,34.799091815948486
0.29913935000523173,34.81604623794556
0.3584346366993222,34.82602071762085
0.4105987078967518,34.83499550819397
0.5322622704621018,34.85693669319153
0.6437820629463835,34.878878593444824
0.6995664427422484,34.890846490859985
0.7513797739214058,34.90304255485535
0.8350978158796094,34.92501974105835
0.9184526958842119,34.952908992767334
0.9476488899631516,34.965874433517456
0.9937918977077007,35.00029945373535
0.9999987921557099,35.01825189590454
0.9893617554052264,35.04118871688843
0.9756010173416861,35.053157329559326
0.9269357319164107,35.07908844947815
0.9042594205533593,35.08806538581848
0.8568673102838383,35.104021310806274
0.8045765587988227,35.118983030319214
0.7534687710122107,35.13194680213928
0.679119247532973,35.14890146255493
0.6268331654435759,35.15987420082092
0.5189328499084045,35.18081784248352
0.3904884239194186,35.203754901885986
0.24174334040310677,35.22868895530701
0.04946188793849277,35.25960564613342
-0.11355246768185144,35.28553628921509
-0.18186025344635565,35.29653811454773
-0.3333719999762574,35.3220751285553
-0.5881406704900782,35.36795377731323
-0.6709712760883254,35.38490653038025
-0.7941684073604472,35.4138298034668
-0.9022149501744678,35.44674253463745
-0.975932701431803,35.482680559158325
-0.988657458979031,35.49361777305603
-0.9976122738652478,35.50658297538757
-0.9999800389463236,35.516555070877075
-0.9936221108821011,35.53550434112549
-0.981117053409117,35.54946732521057
-0.9603443746924724,35.563432693481445
-0.9344084534626047,35.57639479637146
-0.9022480745338721,35.5893611907959
-0.8544414053706174,35.605318784713745
-0.8129002405027148,35.61728763580322
-0.7377928249444284,35.6362361907959
-0.6521937159560741,35.655184507369995
-0.5882027893051683,35.66815137863159
-0.46010613245944876,35.692086935043335
-0.285678856843513,35.72200584411621
-0.1323254861026948,35.746938943862915
0.07445630173394113,35.77985119819641
0.2294623602870731,35.804784536361694
0.37882400951173983,35.829718828201294
0.529562959001911,35.856677770614624
0.6790628650250781,35.88656997680664
0.7237941830475808,35.89653944969177
0.7854886252088118,35.91249632835388
0.8191945897820501,35.9214723110199
0.8903736333502323,35.94341564178467
0.929245444878586,35.95837473869324
0.969759939113261,35.9793176651001
0.9919170414494026,35.998268842697144
0.999454524186196,36.0132269859314
0.9906943923719546,36.04015493392944
0.9658404790549069,36.06010103225708
0.9349745767170865,36.07606029510498
0.8889957484783785,36.09401178359985
0.8174600587247168,36.115952491760254
0.5162849793239351,36.18177771568298
0.3643617851723783,36.20870614051819
0.26305501985955554,36.22565841674805
0.09647708951578148,36.25263857841492
-0.03524531351439932,36.27353096008301
-0.12286139883679469,36.28849196434021
-0.27652153678078395,36.31342387199402
-0.3831578245504544,36.331376791000366
-0.512121204286189,36.35431480407715
-0.5753341404385973,36.366284132003784
-0.687072775274308,36.38922166824341
-0.83245993042317,36.425161600112915
-0.8778970140758692,36.43912363052368
-0.9215028906616043,36.455082416534424
-0.9662088281826974,36.47702240943909
-0.9816962882898181,36.48802185058594
-0.9982158752043786,36.50937271118164
-0.9997602858648695,36.52233839035034
-0.9952743339117328,36.53430986404419
-0.9646152066241254,36.56123423576355
-0.9263710911272928,36.5801842212677
-0.8528294756426762,36.606114625930786
-0.7606929857207562,36.63104867935181
-0.6733865071262514,36.650996685028076
-0.6108550005069078,36.66396117210388
-0.45735626749040986,36.692882776260376
-0.28872996321564537,36.72180509567261
-0.22195598790648538,36.73277831077576
-0.11679287531647449,36.74973106384277
-0.010299856727512777,36.766685009002686
0.07127946373219587,36.7796516418457
0.1461743417162584,36.79162049293518
0.25075487102691396,36.808605432510376
0.3288635725719977,36.8215594291687
0.45579035172566684,36.84449791908264
0.5480406334392752,36.861485958099365
0.6437127213896714,36.880401849746704
0.7039757490493327,36.8934006690979
0.7471607777499505,36.903340339660645
0.7835133332251725,36.91231632232666
0.8679302774451824,36.93625330924988
0.9184168513399585,36.95420479774475
0.939298499554846,36.96318006515503
0.9657970796773877,36.97714352607727
0.9915078325642241,36.99808716773987
0.9999989288874283,37.01903057098389
0.9948082463215541,37.03498959541321
0.9633687404627304,37.06191635131836
0.9147354492503512,37.0848548412323
0.8264274212110679,37.11377835273743
0.7239096982052308,37.13970875740051
0.5455897699642809,37.1766095161438
0.4754299577651427,37.18957567214966
0.39634529785256917,37.20353889465332
0.24183126616844244,37.23046541213989
0.16809090010642666,37.242435932159424
0.03700424216081343,37.26337695121765
-0.07595408716562713,37.281331062316895
-0.20026393679196994,37.3013277053833
-0.2674130523527478,37.312246561050415
-0.3509892032920621,37.32620978355408
-0.4261812968055958,37.33917498588562
-0.5308364969175787,37.35812544822693
-0.6081970724167592,37.37308430671692
-0.6662339880663869,37.38505220413208
-0.7291419434429082,37.39901542663574
-0.8091283719016411,37.4189612865448
-0.8671381281850393,37.4359176158905
-0.9177856106452573,37.45386838912964
-0.9730959391145476,37.48179388046265
-0.9904533022751436,37.49675679206848
-0.9990282366196133,37.51171398162842
-0.9904888395605885,37.540661096572876
-0.9409837732612863,37.57354974746704
-0.9128314695594556,37.58551788330078
-0.8512093782679105,37.60748815536499
-0.7942701394821898,37.62292265892029
-0.7627567437688308,37.63090395927429
-0.675737954696747,37.650851249694824
-0.5363659312122538,37.678593158721924
-0.4713010402195299,37.6905620098114
-0.3453440318892214,37.713499784469604
-0.20666520171839786,37.73643898963928
-0.04487027583917206,37.76236867904663
0.024192293523469438,37.77334022521973
0.14923508910953448,37.79328727722168
0.2839916880335707,37.81522798538208
0.3729205578040723,37.83018922805786
0.4304169500486188,37.8401620388031
0.5025922590758873,37.8531277179718
0.5867784804052154,37.869083642959595
0.6508584754118741,37.882049798965454
0.7815300915794932,37.91196942329407
0.8435581475742213,37.92892527580261
0.9094812750577901,37.950865507125854
0.95985214859917,37.973803997039795
0.989337385320246,37.99574565887451
0.9923368872936708,38.039345502853394
0.9763150130992226,38.05427408218384
0.9658639566550404,38.061256647109985
0.9209837436490392,38.08322787284851
0.877257152643707,38.09915375709534
0.8175122479063879,38.11710596084595
0.7637857219502394,38.13106822967529
0.6906576191356592,38.14802432060242
0.5844791489275893,38.16996479034424
0.5377094269822055,38.17894005775452
0.4391730506350171,38.19689226150513
0.3350308758533883,38.21484422683716
0.22661221926895275,38.23279619216919
0.0715368434744648,38.25773000717163
0.0025179969583665382,38.26871085166931
-0.23393400018358956,38.306599140167236
-0.5905675874403832,38.37037920951843
-0.731256340227645,38.400296688079834
-0.795990392821553,38.416255474090576
-0.8808439638985543,38.44118690490723
-0.9165161468496316,38.454153060913086
-0.9645471396441526,38.47711730003357
-0.9932384688484687,38.501028537750244
-0.9997622657199267,38.522969245910645
-0.9964230744342761,38.532942056655884
-0.967873413875941,38.55954360961914
-0.9310612109532469,38.57905292510986
-0.9115634243537087,38.587032318115234
-0.849581128762196,38.60818290710449
-0.7885395879486613,38.6251380443573
-0.7442095481673555,38.63573908805847
-0.682684855116176,38.64970374107361
-0.5600371599878492,38.674638748168945
-0.4236134409130254,38.699570655822754
-0.2220443411317851,38.73443961143494
-0.054323898581473254,38.7613685131073
0.14608470006000215,38.79328107833862
0.21402085309848606,38.80425238609314
0.3109280698516866,38.820209980010986
0.38160247666290664,38.83217644691467
0.5427008372029816,38.8610999584198
0.6484368953555655,38.882044076919556
0.7512601741860594,38.90501618385315
0.8025810245729945,38.917954206466675
0.851861603716922,38.93191123008728
0.8859829005662339,38.94288182258606
0.9183809992546192,38.9548819065094
0.9515289018330062,38.96980929374695
0.9956946687562565,39.00471615791321
0.9983246671170067,39.02865290641785
0.9854264874290865,39.04682660102844
0.9581714932096127,39.065747022628784
0.9096261704074461,39.08768939971924
0.8537072518954816,39.10663723945618
0.7856482928963843,39.12558698654175
0.732579131915197,39.13855338096619
0.6318543351052296,39.16149163246155
0.5819652933573037,39.171464681625366
0.4476569061269818,39.19639754295349
0.3023368705647336,39.22133135795593
0.24191918994805564,39.23130512237549
-0.05706567541292831,39.279175996780396
-0.1878539046592369,39.30012035369873
-0.4147032762849733,39.33805012702942
-0.4984558782351885,39.3529794216156
-0.5623100504394919,39.3649480342865
-0.6800982872354504,39.388883113861084
-0.7785403675342831,39.41182231903076
-0.8235814681362329,39.423789739608765
-0.907484488646919,39.450719356536865
-0.9510378597517477,39.46966767311096
-0.9669788001634042,39.47864389419556
-0.9856220250848786,39.49260592460632
-0.9966513707509171,39.506569623947144
-0.9976300616625311,39.53050494194031
-0.9913452868613342,39.54066777229309
-0.9759889398848547,39.55460000038147
-0.9603948884918768,39.56460356712341
-0.9388709549007105,39.575573444366455
-0.912868466963268,39.58654451370239
-0.8854474654414862,39.596521615982056
-0.854535548314909,39.60745906829834
-0.8093332022512909,39.62042450904846
-0.7668610218180467,39.63142418861389
-0.7075434946587367,39.645357608795166
-0.5574706299213041,39.676273345947266
-0.4151029503818538,39.702205419540405
-0.33952886333341503,39.715179443359375
-0.1882853334270866,39.740103006362915
-0.02613298496151675,39.76603293418884
0.13671453173540393,39.79197359085083
0.28390480339701823,39.81590032577515
0.47512320030248595,39.848817348480225
0.6118394558512597,39.87474751472473
0.6743056639305066,39.88775444030762
0.7574144267470692,39.90666747093201
0.82267707406985,39.923640727996826
0.8599562989047743,39.93460655212402
0.8845013244085154,39.942566871643066
0.9196011611217748,39.95553183555603
0.9465685390407196,39.96753692626953
0.969715692367251,39.981462478637695
0.9807574219825467,39.98944330215454
0.992672450857679,40.00144553184509
0.9998550320008739,40.02265977859497
0.995735290004245,40.034629106521606
0.9848953565371527,40.047592639923096
0.9776734991473189,40.05358266830444
0.9572812217705569,40.06654953956604
0.9327938779679334,40.078510999679565
0.9030115834465706,40.09050941467285
0.8712035447919322,40.102478981018066
0.82473226857296,40.116437673568726
0.8028429889535592,40.122392654418945
0.7347435926760321,40.13945031166077
0.6861683670934167,40.15039086341858
0.6343200161609126,40.16136074066162
0.5691638943708794,40.174357414245605
0.5056443060732618,40.186344385147095
0.4505029491834421,40.19726371765137
0.410833977869201,40.20325040817261
0.33511625197487316,40.21621632575989
0.2571661865432798,40.228700160980225
0.18367977159885776,40.24065923690796
0.14651924071885944,40.24664354324341
0.09040501115243464,40.255651235580444
0.00888849693435357,40.268588066101074
-0.07894914056529789,40.282580852508545
-0.1661769000302253,40.29651117324829
-0.2032062505184083,40.30349135398865
-0.30638340434314526,40.320446252822876
-0.3945622357477113,40.334580421447754
-0.445839028728735,40.343549728393555
-0.5280573943401278,40.35851073265076
-0.5803117074564456,40.36949133872986
-0.6351412555757995,40.38045072555542
-0.6869410852702412,40.39142203330994
-0.7354641036340165,40.40239334106445
-0.7804788486395624,40.41336250305176
-0.807198997626792,40.42034649848938
-0.8655018473766523,40.436808347702026
-0.9061417855166284,40.450772285461426
-0.948069816834463,40.46872329711914
-0.9708498564366359,40.482686042785645
-0.9828395541687812,40.49066519737244
-0.9963858581285887,40.50662302970886
-0.9995931914621318,40.5155987739563
-0.9991777562910562,40.52656865119934
-0.9925434688631986,40.5395348072052
-0.9851698762589727,40.54751253128052
-0.9709767266258669,40.55948090553284
-0.9540524118455579,40.56945490837097
-0.9166917642810183,40.58641195297241
-0.87806391294286,40.600372076034546
-0.842938174465742,40.61134219169617
-0.8148563107214385,40.6193208694458
-0.7358230288626499,40.639267683029175
-0.6688652474405408,40.65422701835632
-0.5909220138808757,40.67018437385559
-0.5231656409420257,40.683149576187134
-0.47418777854215866,40.69212579727173
-0.4293755826068429,40.7001051902771
-0.34841654759482843,40.7140679359436
-0.3009047845390765,40.722046852111816
-0.22213269253394255,40.73501539230347
-0.15430231026218605,40.7459831237793
-0.07321569668150016,40.7589476108551
0.02091720681547671,40.77390933036804
0.06483322687691223,40.78088855743408
0.17698154518537243,40.79884076118469
0.2687728091339756,40.81380033493042
0.3108419456576502,40.82078266143799
0.39886494381403886,40.835742235183716
0.44441285870630454,40.843721866607666
0.5373390156756883,40.86067605018616
0.609316835642454,40.8746383190155
0.6483679108443697,40.88261675834656
0.7214671224645515,40.898574113845825
0.7834007093690911,40.91354274749756
0.8062578636595565,40.919517517089844
0.8314757391833283,40.92749786376953
0.8800458460489269,40.94245719909668
0.9054669853945462,40.95143508911133
0.9475620515846002,40.96938514709473
0.9606904795489957,40.97636675834656
0.9836933935293389,40.99232316017151
0.9962493105812177,41.00728392601013
0.9990894496869004,41.014264822006226
0.9989767369249448,41.028228521347046
0.9948266731151567,41.037211418151855
0.9894012655390862,41.044185400009155
0.980860733237653,41.05216932296753
0.9599752732577999,41.066126108169556
0.9467392943837203,41.07310771942139
0.9316740538562565,41.08009099960327
0.9122542242050173,41.08806777000427
0.8665630869847093,41.10402584075928
0.8009941209192404,41.122973918914795
0.769918815118607,41.13095283508301
0.6975366497267625,41.14790725708008
0.6653734155453986,41.15488934516907
0.5769208856982369,41.17284154891968
0.5029719674162073,41.18680381774902
0.4194450622847905,41.2017776966095
0.34401909975459816,41.21472907066345
0.26024305307096307,41.228691816329956
0.21756002918058173,41.23567295074463
0.17445664223877627,41.24265456199646
0.06854014330388047,41.25960874557495
-0.019324875824727448,41.2735710144043
-0.06324384249570093,41.280553102493286
-0.14441928389347222,41.293519496917725
-0.19392946355036725,41.302494525909424
-0.23685366295618052,41.30947661399841
-0.30932779595951204,41.321444511413574
-0.38004604754656957,41.333412170410156
-0.4203273699436721,41.340394020080566
-0.4929230191892043,41.35335874557495
-0.5828292252385039,41.37031364440918
-0.6471545586074344,41.38327741622925
-0.6891867460696891,41.39225363731384
-0.7375574299573742,41.40322494506836
-0.7863053578636096,41.41519474983215
-0.8235300684722827,41.42516565322876
-0.8639019206849922,41.437134742736816
-0.8938080013260895,41.44710731506348
-0.9226304845048892,41.45807886123657
-0.9490495804714731,41.470046281814575
-0.9669557025058547,41.48002004623413
-0.9834057016213764,41.4919867515564
-0.9942734549164838,41.503986835479736
-0.9990202326056025,41.513959646224976
-0.9996922538875866,41.524930000305176
-0.9949872040153593,41.53686761856079
-0.9867497951144568,41.54715085029602
-0.9717336421084389,41.55908799171448
-0.95312055172642,41.57005834579468
-0.9322514755201408,41.58006167411804
-0.9050539576256663,41.59103226661682
-0.8704651782361316,41.6029691696167
-0.8378575252465459,41.61297082901001
-0.8130585326755783,41.619925022125244
-0.7337238635171066,41.639906883239746
-0.685074945898113,41.65091896057129
-0.633158118711293,41.66187882423401
-0.5833333246714789,41.6718213558197
-0.5258775998748437,41.6828179359436
-0.46591336057129995,41.69376254081726
-0.39797327746405,41.70573019981384
-0.3396140934101845,41.71669960021973
-0.267836296492019,41.72770380973816
-0.20069428596277017,41.73864221572876
-0.1574486810805143,41.74562311172485
-0.06386308401864278,41.7605836391449
-0.001106574521879065,41.770583391189575
0.10545697296183014,41.787511348724365
0.1614634933406753,41.79748296737671
0.204676721354031,41.804466247558594
0.3078128616375241,41.82145309448242
0.3669176784578418,41.83142590522766
0.43591384631011354,41.84343409538269
0.5024355743227381,41.85540223121643
0.5557072539149411,41.86540770530701
0.601784356713567,41.87435221672058
0.6649100806558911,41.88731861114502
0.7104753262860081,41.89732074737549
0.7614411563503135,41.90925884246826
0.8043694627896684,41.920257568359375
0.8400706391916373,41.93023324012756
0.8815112643054309,41.94257068634033
0.9119998782808232,41.95357656478882
0.9291449745877964,41.96052670478821
0.9893109745942577,41.998425245285034
0.9992166992341133,42.015379190444946
0.9999432136636909,42.02335858345032
0.9898587750281423,42.04430270195007
0.9749773715686261,42.057267904281616
0.9608625577194319,42.066243171691895
0.937278527759056,42.07821226119995
0.9109821958491604,42.089181661605835
0.883301835381488,42.09915494918823
0.8454991358018895,42.11112356185913
0.8212162516025477,42.118107080459595
0.77194758362635,42.13106942176819
0.7474526616675619,42.137054204940796
0.6724094572206207,42.15400767326355
0.6246312376440104,42.163981676101685
0.5947697721908214,42.169965982437134
0.5325574004477462,42.18193483352661
0.4728648131393913,42.192904233932495
0.410916590215642,42.20387840270996
0.3470082339302068,42.21487641334534
0.30545785484364074,42.221826791763306
0.23290058551160153,42.233795166015625
0.17140857644452637,42.2437698841095
0.09049525408202454,42.256733655929565
0.0215375628971302,42.2677047252655
-0.05379479187411008,42.2796733379364
-0.10387306714202149,42.28765273094177
-0.17845967327843412,42.29961967468262
-0.22152765609882857,42.306631326675415
-0.3241762011371546,42.323554277420044
-0.394478971382443,42.33552598953247
-0.45137065418143535,42.346495389938354
-0.5118876957609709,42.357465505599976
-0.5802379092427578,42.370429277420044
-0.6302077633180352,42.3804030418396
-0.6868752318072769,42.39237427711487
-0.7137660985326524,42.39835476875305
-0.7804221949522052,42.41431379318237
-0.8181238484434581,42.424285888671875
-0.877766809721142,42.44223761558533
-0.9189385812942705,42.457200050354004
-0.9519620508141164,42.47216868400574
-0.9737630711875873,42.48512816429138
-0.9828228351833196,42.492103815078735
-0.9978032544381673,42.511054039001465
-0.9999589182009101,42.52302145957947
-0.9969482763021429,42.53399467468262
-0.9891820425805123,42.544962882995605
-0.9766972631280492,42.55593276023865
-0.9595534922029643,42.56690454483032
-0.9378325081469655,42.577874422073364
-0.9090389194764354,42.589842557907104
-0.878107272239472,42.60081505775452
-0.8395920958371955,42.6127815246582
-0.8038453994881916,42.62275528907776
-0.7608694141718504,42.63372588157654
-0.7142639683807055,42.64469790458679
-0.6642513770353394,42.65566682815552
-0.6110702076483258,42.66663718223572
-0.5497391045316204,42.678608417510986
-0.49076878088518006,42.689565658569336
-0.4351202982686869,42.69953775405884
-0.3719342402368293,42.710508584976196
-0.3069740004609351,42.72247648239136
-0.24054944896389194,42.73344659805298
-0.17297744075351948,42.74445128440857
-0.11706285366112586,42.75339722633362
-0.0356843043665446,42.76636028289795
0.027104798127620313,42.77633547782898
0.12724223767507115,42.79229164123535
0.2138438201004689,42.806252002716064
0.31075581891130244,42.82220935821533
